event_id,event_name,timestamp,session_id,user_pseudo_id,device_type,experiment_variant,query_string,results_count,zero_results_flag,latency_ms,product_id,rank_position,cart_price
EVT_d864ae7d,search_query_submitted,2026-07-01 09:50:00,SES_ed5d23951a,USR_25218,desktop,Control_Keyword,snapple peach tea diet,14,False,475.0,,,
EVT_d2ae6c8e,search_query_submitted,2026-07-01 09:57:00,SES_8c5ffa2a39,USR_59595,tablet,Variant_B_AI_Semantic,dr pepper zero sugar 12oz,16,False,125.0,,,
EVT_ccdddd70,search_query_submitted,2026-07-01 11:23:00,SES_22a7009992,USR_36962,desktop,Variant_B_AI_Semantic,snapple peach tea diet,26,False,153.0,,,
EVT_b1f12ff3,search_query_submitted,2026-07-01 14:40:00,SES_1fe21bdd07,USR_45054,mobile,Variant_B_AI_Semantic,dr pepper zero sugar 12oz,29,False,169.0,,,
EVT_bff4f70f,search_result_clicked,2026-07-01 14:40:09,SES_1fe21bdd07,USR_45054,mobile,Variant_B_AI_Semantic,dr pepper zero sugar 12oz,29,False,,KDP_SKU_1044,3.0,
EVT_d7456a16,search_to_cart_added,2026-07-01 14:40:54,SES_1fe21bdd07,USR_45054,mobile,Variant_B_AI_Semantic,dr pepper zero sugar 12oz,29,False,,KDP_SKU_1044,3.0,18.72
EVT_1027363f,search_query_submitted,2026-07-01 17:57:00,SES_3b010dfd09,ANONYMOUS_GUEST,desktop,Control_Keyword,caffeine free organic energy drink,16,False,321.0,,,
EVT_078f3158,search_result_clicked,2026-07-01 17:57:06,SES_3b010dfd09,ANONYMOUS_GUEST,desktop,Control_Keyword,caffeine free organic energy drink,16,False,,KDP_SKU_1002,9.0,
EVT_21b76270,search_query_submitted,2026-07-01 18:37:00,SES_b3427d6e2a,USR_40137,mobile,Control_Keyword,snapple peach tea diet,18,False,454.0,,,
EVT_b0a753eb,search_result_clicked,2026-07-01 18:37:04,SES_b3427d6e2a,USR_40137,mobile,Control_Keyword,snapple peach tea diet,18,False,,KDP_SKU_1026,5.0,
EVT_a457a311,search_query_submitted,2026-07-01 18:51:00,SES_68ed829a49,USR_77653,mobile,Control_Keyword,dark roast k-cup,16,False,254.0,,,
EVT_db40a54d,search_result_clicked,2026-07-01 18:51:04,SES_68ed829a49,USR_77653,mobile,Control_Keyword,dark roast k-cup,16,False,,KDP_SKU_1059,2.0,
EVT_e56eae28,search_query_submitted,2026-07-01 19:35:00,SES_802163fffb,USR_90911,desktop,Control_Keyword,drpepr zero,23,False,499.0,,,
EVT_50b3b49b,search_result_clicked,2026-07-01 19:35:12,SES_802163fffb,USR_90911,desktop,Control_Keyword,drpepr zero,23,False,,KDP_SKU_1025,7.0,
EVT_0a572d39,search_query_submitted,2026-07-01 20:02:00,SES_b3e04583a3,USR_29420,mobile,Variant_B_AI_Semantic,vanilla flavored coffee,44,False,179.0,,,
EVT_c32f48dc,search_result_clicked,2026-07-01 20:02:13,SES_b3e04583a3,USR_29420,mobile,Variant_B_AI_Semantic,vanilla flavored coffee,44,False,,KDP_SKU_1082,3.0,
EVT_d6bc780a,search_query_submitted,2026-07-01 20:10:00,SES_8feae27753,USR_81529,tablet,Variant_B_AI_Semantic,keurig single serve machine,27,False,175.0,,,
EVT_fc444407,search_result_clicked,2026-07-01 20:10:03,SES_8feae27753,USR_81529,tablet,Variant_B_AI_Semantic,keurig single serve machine,27,False,,KDP_SKU_1016,1.0,
EVT_df378615,search_to_cart_added,2026-07-01 20:10:46,SES_8feae27753,USR_81529,tablet,Variant_B_AI_Semantic,keurig single serve machine,27,False,,KDP_SKU_1016,1.0,29.97
EVT_46a2bcf4,search_query_submitted,2026-07-01 21:03:00,SES_355719fff0,USR_82105,mobile,Variant_B_AI_Semantic,vanilla flavored coffee,16,False,111.0,,,
EVT_7e7ad9e3,search_result_clicked,2026-07-01 21:03:08,SES_355719fff0,USR_82105,mobile,Variant_B_AI_Semantic,vanilla flavored coffee,16,False,,KDP_SKU_1080,2.0,
EVT_4c3f87ca,search_query_submitted,2026-07-01 23:03:00,SES_b2a7b0bf87,USR_99514,mobile,Variant_B_AI_Semantic,vanilla flavored coffee,9,False,97.0,,,
EVT_fd3e9d15,search_result_clicked,2026-07-01 23:03:15,SES_b2a7b0bf87,USR_99514,mobile,Variant_B_AI_Semantic,vanilla flavored coffee,9,False,,KDP_SKU_1010,1.0,
EVT_a8ef0202,search_to_cart_added,2026-07-01 23:03:38,SES_b2a7b0bf87,USR_99514,mobile,Variant_B_AI_Semantic,vanilla flavored coffee,9,False,,KDP_SKU_1010,1.0,7.3
EVT_8098ebc4,search_query_submitted,2026-07-02 02:44:00,SES_bfd6e9ba40,USR_38748,desktop,Control_Keyword,snapple peach tea diet,2,False,284.0,,,
EVT_cfa64c98,search_result_clicked,2026-07-02 02:44:04,SES_bfd6e9ba40,USR_38748,desktop,Control_Keyword,snapple peach tea diet,2,False,,KDP_SKU_1039,3.0,
EVT_fd3acce6,search_to_cart_added,2026-07-02 02:44:31,SES_bfd6e9ba40,USR_38748,desktop,Control_Keyword,snapple peach tea diet,2,False,,KDP_SKU_1039,3.0,43.91
EVT_083a3b29,search_query_submitted,2026-07-02 02:50:00,SES_d680488b6e,USR_63271,desktop,Variant_B_AI_Semantic,caffeine free organic energy drink,39,False,194.0,,,
EVT_9c627ee4,search_result_clicked,2026-07-02 02:50:07,SES_d680488b6e,USR_63271,desktop,Variant_B_AI_Semantic,caffeine free organic energy drink,39,False,,KDP_SKU_1048,1.0,
EVT_7ddcacae,search_query_submitted,2026-07-02 02:59:00,SES_21132f19f5,USR_74003,mobile,Control_Keyword,vanilla flavored coffee,3,False,599.0,,,
EVT_5bf78547,search_query_submitted,2026-07-02 09:09:00,SES_500937022b,USR_43357,desktop,Control_Keyword,drpepr zero,2,False,454.0,,,
EVT_204e3913,search_query_submitted,2026-07-02 09:16:00,SES_03641f7d3c,USR_44141,mobile,Control_Keyword,vanilla flavored coffee,6,False,501.0,,,
EVT_2084eee0,search_query_submitted,2026-07-02 09:18:00,SES_7df628807a,USR_30885,tablet,Variant_B_AI_Semantic,caffeine free organic energy drink,27,False,207.0,,,
EVT_43d04281,search_result_clicked,2026-07-02 09:18:06,SES_7df628807a,USR_30885,tablet,Variant_B_AI_Semantic,caffeine free organic energy drink,27,False,,KDP_SKU_1022,1.0,
EVT_2284a031,search_query_submitted,2026-07-02 09:56:00,SES_bb1419ed96,USR_23621,tablet,Variant_B_AI_Semantic,cherry vanilla soda,12,False,119.0,,,
EVT_71222173,search_result_clicked,2026-07-02 09:56:04,SES_bb1419ed96,USR_23621,tablet,Variant_B_AI_Semantic,cherry vanilla soda,12,False,,KDP_SKU_1045,1.0,
EVT_daad1b4b,search_to_cart_added,2026-07-02 09:56:25,SES_bb1419ed96,USR_23621,tablet,Variant_B_AI_Semantic,cherry vanilla soda,12,False,,KDP_SKU_1045,1.0,9.5
EVT_52dddd1f,search_query_submitted,2026-07-02 10:12:00,SES_f9e6c00b06,USR_48894,mobile,Variant_B_AI_Semantic,keurig single serve machine,8,False,137.0,,,
EVT_1dce7ec9,search_result_clicked,2026-07-02 10:12:13,SES_f9e6c00b06,USR_48894,mobile,Variant_B_AI_Semantic,keurig single serve machine,8,False,,KDP_SKU_1044,2.0,
EVT_655e04f1,search_to_cart_added,2026-07-02 10:12:42,SES_f9e6c00b06,USR_48894,mobile,Variant_B_AI_Semantic,keurig single serve machine,8,False,,KDP_SKU_1044,2.0,18.72
EVT_e7e1ce0a,search_query_submitted,2026-07-02 10:39:00,SES_881171688d,USR_72886,desktop,Control_Keyword,caffeine free organic energy drink,25,False,478.0,,,
EVT_c8898025,search_result_clicked,2026-07-02 10:39:14,SES_881171688d,USR_72886,desktop,Control_Keyword,caffeine free organic energy drink,25,False,,KDP_SKU_1074,3.0,
EVT_e7eac559,search_query_submitted,2026-07-02 11:37:00,SES_efad23500e,USR_13646,tablet,Control_Keyword,vanilla flavored coffee,20,False,375.0,,,
EVT_307b4e68,search_result_clicked,2026-07-02 11:37:13,SES_efad23500e,USR_13646,tablet,Control_Keyword,vanilla flavored coffee,20,False,,KDP_SKU_1065,8.0,
EVT_2f97860b,search_query_submitted,2026-07-02 11:42:00,SES_3455db0e25,USR_92941,desktop,Variant_B_AI_Semantic,keurig single serve machine,10,False,129.0,,,
EVT_5a0faf02,search_result_clicked,2026-07-02 11:42:09,SES_3455db0e25,USR_92941,desktop,Variant_B_AI_Semantic,keurig single serve machine,10,False,,KDP_SKU_1054,2.0,
EVT_742ee7ed,search_to_cart_added,2026-07-02 11:42:48,SES_3455db0e25,USR_92941,desktop,Variant_B_AI_Semantic,keurig single serve machine,10,False,,KDP_SKU_1054,2.0,47.2
EVT_adb41f7d,search_query_submitted,2026-07-02 12:02:00,SES_fb3e2f4e16,USR_25012,desktop,Control_Keyword,dr pepper zero sugar 12oz,5,False,476.0,,,
EVT_94a7772b,search_query_submitted,2026-07-02 12:18:00,SES_cbfc0a6440,USR_31501,desktop,Variant_B_AI_Semantic,snapple peach tea diet,35,False,177.0,,,
EVT_248a613c,search_result_clicked,2026-07-02 12:18:04,SES_cbfc0a6440,USR_31501,desktop,Variant_B_AI_Semantic,snapple peach tea diet,35,False,,KDP_SKU_1073,2.0,
EVT_873b6a62,search_query_submitted,2026-07-02 13:27:00,SES_76cde9ca22,USR_62994,mobile,Control_Keyword,keurig single serve machine,21,False,453.0,,,
EVT_abe7677e,search_query_submitted,2026-07-02 13:40:00,SES_3aef7842e7,USR_63382,desktop,Control_Keyword,drpepr zero,12,False,272.0,,,
EVT_fdbf0ed4,search_result_clicked,2026-07-02 13:40:08,SES_3aef7842e7,USR_63382,desktop,Control_Keyword,drpepr zero,12,False,,KDP_SKU_1050,2.0,
EVT_d83ac4da,search_to_cart_added,2026-07-02 13:40:33,SES_3aef7842e7,USR_63382,desktop,Control_Keyword,drpepr zero,12,False,,KDP_SKU_1050,2.0,22.04
EVT_9aafea92,search_query_submitted,2026-07-02 14:08:00,SES_1d09f792dd,USR_46585,tablet,Variant_B_AI_Semantic,cherry vanilla soda,42,False,164.0,,,
EVT_1387f5a7,search_query_submitted,2026-07-02 14:13:00,SES_351168865d,USR_71391,mobile,Variant_B_AI_Semantic,cherry vanilla soda,34,False,198.0,,,
EVT_9869b0ce,search_result_clicked,2026-07-02 14:13:04,SES_351168865d,USR_71391,mobile,Variant_B_AI_Semantic,cherry vanilla soda,34,False,,KDP_SKU_1009,2.0,
EVT_d4c83278,search_query_submitted,2026-07-02 14:31:00,SES_b1c65a585e,USR_42728,desktop,Variant_B_AI_Semantic,espresso pods hazelnut,0,True,187.0,,,
EVT_bb32dc69,search_query_submitted,2026-07-02 15:42:00,SES_acf6dc17e9,USR_89069,mobile,Control_Keyword,espresso pods hazelnut,0,True,428.0,,,
EVT_c983b3e7,search_query_submitted,2026-07-02 15:59:00,SES_69ce099bfe,USR_69582,tablet,Variant_B_AI_Semantic,vanilla flavored coffee,31,False,106.0,,,
EVT_5e3e79bc,search_query_submitted,2026-07-02 17:53:00,SES_7c530cb701,ANONYMOUS_GUEST,desktop,Control_Keyword,vanilla flavored coffee,22,False,200.0,,,
EVT_fa4a27c5,search_result_clicked,2026-07-02 17:53:12,SES_7c530cb701,ANONYMOUS_GUEST,desktop,Control_Keyword,vanilla flavored coffee,22,False,,KDP_SKU_1043,1.0,
EVT_15009937,search_to_cart_added,2026-07-02 17:53:25,SES_7c530cb701,ANONYMOUS_GUEST,desktop,Control_Keyword,vanilla flavored coffee,22,False,,KDP_SKU_1043,1.0,16.02
EVT_b7f71c09,search_query_submitted,2026-07-02 18:09:00,SES_d28b43c8b8,USR_78576,desktop,Control_Keyword,keurig single serve machine,7,False,627.0,,,
EVT_928bda96,search_result_clicked,2026-07-02 18:09:03,SES_d28b43c8b8,USR_78576,desktop,Control_Keyword,keurig single serve machine,7,False,,KDP_SKU_1076,2.0,
EVT_0fefd735,search_query_submitted,2026-07-02 18:18:00,SES_b82c9dfc8b,USR_38864,tablet,Variant_B_AI_Semantic,dark roast k-cup,22,False,97.0,,,
EVT_a3fd79fc,search_result_clicked,2026-07-02 18:18:07,SES_b82c9dfc8b,USR_38864,tablet,Variant_B_AI_Semantic,dark roast k-cup,22,False,,KDP_SKU_1015,1.0,
EVT_41adcda2,search_query_submitted,2026-07-02 18:32:00,SES_863fe94072,USR_89388,tablet,Variant_B_AI_Semantic,vanilla flavored coffee,27,False,160.0,,,
EVT_a93e05d8,search_result_clicked,2026-07-02 18:32:08,SES_863fe94072,USR_89388,tablet,Variant_B_AI_Semantic,vanilla flavored coffee,27,False,,KDP_SKU_1018,1.0,
EVT_e25a94ab,search_query_submitted,2026-07-02 18:39:00,SES_234c51cb9a,USR_50838,mobile,Control_Keyword,snapple peach tea diet,16,False,536.0,,,
EVT_a93ba1a1,search_query_submitted,2026-07-02 20:25:00,SES_33ba20b164,USR_22539,tablet,Control_Keyword,vanilla flavored coffee,4,False,211.0,,,
EVT_f2d5be22,search_query_submitted,2026-07-02 20:36:00,SES_271c7b0bcb,USR_11653,tablet,Variant_B_AI_Semantic,espresso pods hazelnut,36,False,143.0,,,
EVT_2a3643da,search_query_submitted,2026-07-02 20:42:00,SES_4adb9f9a25,USR_67536,tablet,Variant_B_AI_Semantic,kcup pods discount,26,False,129.0,,,
EVT_3f721ecb,search_result_clicked,2026-07-02 20:42:06,SES_4adb9f9a25,USR_67536,tablet,Variant_B_AI_Semantic,kcup pods discount,26,False,,KDP_SKU_1027,3.0,
EVT_2636e3f0,search_query_submitted,2026-07-02 21:37:00,SES_c8688da5ac,USR_11469,desktop,Control_Keyword,caffeine free organic energy drink,0,True,290.0,,,
EVT_bb2f817b,search_query_submitted,2026-07-03 00:02:00,SES_0e7072ac43,USR_92788,tablet,Variant_B_AI_Semantic,drpepr zero,33,False,134.0,,,
EVT_8bba1af2,search_result_clicked,2026-07-03 00:02:10,SES_0e7072ac43,USR_92788,tablet,Variant_B_AI_Semantic,drpepr zero,33,False,,KDP_SKU_1049,3.0,
EVT_49c72e72,search_query_submitted,2026-07-03 00:49:00,SES_c5f8eed60d,USR_85527,desktop,Control_Keyword,drpepr zero,22,False,333.0,,,
EVT_2ca77ebd,search_query_submitted,2026-07-03 00:50:00,SES_321dd4e94d,USR_38329,desktop,Control_Keyword,vanilla flavored coffee,13,False,581.0,,,
EVT_8c4eb03b,search_query_submitted,2026-07-03 01:15:00,SES_b67ea06d13,USR_70542,tablet,Variant_B_AI_Semantic,cherry vanilla soda,20,False,181.0,,,
EVT_071bfd6f,search_query_submitted,2026-07-03 03:02:00,SES_5b7f06feb2,USR_78569,mobile,Control_Keyword,cherry vanilla soda,11,False,262.0,,,
EVT_9cde4982,search_query_submitted,2026-07-03 04:23:00,SES_33f268cb74,ANONYMOUS_GUEST,tablet,Control_Keyword,kcup pods discount,5,False,373.0,,,
EVT_d7804cdb,search_query_submitted,2026-07-03 04:24:00,SES_e9565436de,USR_58374,desktop,Control_Keyword,drpepr zero,10,False,450.0,,,
EVT_3be3e2df,search_query_submitted,2026-07-03 05:56:00,SES_7a2f124441,USR_59767,mobile,Control_Keyword,snapple peach tea diet,6,False,328.0,,,
EVT_5d08d8b5,search_query_submitted,2026-07-03 06:07:00,SES_92a0fde1bc,USR_27947,mobile,Variant_B_AI_Semantic,dr pepper zero sugar 12oz,43,False,205.0,,,
EVT_33e522fe,search_query_submitted,2026-07-03 06:07:00,SES_d1bd4910c9,USR_43868,mobile,Control_Keyword,kcup pods discount,7,False,509.0,,,
EVT_4cb84315,search_result_clicked,2026-07-03 06:07:03,SES_d1bd4910c9,USR_43868,mobile,Control_Keyword,kcup pods discount,7,False,,KDP_SKU_1024,1.0,
EVT_ba89bfab,search_result_clicked,2026-07-03 06:07:07,SES_92a0fde1bc,USR_27947,mobile,Variant_B_AI_Semantic,dr pepper zero sugar 12oz,43,False,,KDP_SKU_1075,3.0,
EVT_427cf303,search_query_submitted,2026-07-03 06:12:00,SES_c8214801d5,USR_75570,tablet,Control_Keyword,snapple peach tea diet,4,False,383.0,,,
EVT_3fcfcefd,search_result_clicked,2026-07-03 06:12:08,SES_c8214801d5,USR_75570,tablet,Control_Keyword,snapple peach tea diet,4,False,,KDP_SKU_1051,2.0,
EVT_2370f232,search_query_submitted,2026-07-03 07:03:00,SES_af487f7f14,USR_80458,tablet,Control_Keyword,dark roast k-cup,10,False,632.0,,,
EVT_73727edb,search_query_submitted,2026-07-03 07:05:00,SES_c990b9e324,USR_99816,mobile,Control_Keyword,caffeine free organic energy drink,0,True,523.0,,,
EVT_623fa7a5,search_query_submitted,2026-07-03 07:07:00,SES_82d8a18014,USR_37617,tablet,Control_Keyword,cherry vanilla soda,2,False,304.0,,,
EVT_3497b361,search_query_submitted,2026-07-03 07:21:00,SES_df9d976455,USR_57453,desktop,Control_Keyword,caffeine free organic energy drink,0,True,494.0,,,
EVT_a6bbcc20,search_query_submitted,2026-07-03 07:51:00,SES_9f0364c9af,USR_49515,desktop,Control_Keyword,kcup pods discount,25,False,258.0,,,
EVT_4d309519,search_result_clicked,2026-07-03 07:51:15,SES_9f0364c9af,USR_49515,desktop,Control_Keyword,kcup pods discount,25,False,,KDP_SKU_1062,5.0,
EVT_876452c5,search_query_submitted,2026-07-03 07:53:00,SES_887a18fd53,USR_96447,tablet,Variant_B_AI_Semantic,dr pepper zero sugar 12oz,8,False,164.0,,,
EVT_d3a41e7f,search_query_submitted,2026-07-03 07:57:00,SES_925517540c,USR_77065,desktop,Control_Keyword,cherry vanilla soda,19,False,374.0,,,
EVT_e76393ad,search_query_submitted,2026-07-03 07:59:00,SES_1e0782ace3,ANONYMOUS_GUEST,desktop,Variant_B_AI_Semantic,vanilla flavored coffee,25,False,174.0,,,
EVT_4ffc36fe,search_result_clicked,2026-07-03 07:59:10,SES_1e0782ace3,ANONYMOUS_GUEST,desktop,Variant_B_AI_Semantic,vanilla flavored coffee,25,False,,KDP_SKU_1042,3.0,
EVT_3863ee9a,search_query_submitted,2026-07-03 08:19:00,SES_ffa4e3f7c9,USR_68515,tablet,Control_Keyword,dark roast k-cup,9,False,559.0,,,
EVT_079e335f,search_result_clicked,2026-07-03 08:19:15,SES_ffa4e3f7c9,USR_68515,tablet,Control_Keyword,dark roast k-cup,9,False,,KDP_SKU_1055,4.0,
EVT_f0e6e153,search_query_submitted,2026-07-03 09:01:00,SES_0df2dc62a8,USR_32184,tablet,Control_Keyword,caffeine free organic energy drink,0,True,405.0,,,
EVT_3ea18929,search_query_submitted,2026-07-03 09:31:00,SES_c7933650e3,USR_70852,mobile,Control_Keyword,cherry vanilla soda,5,False,251.0,,,
EVT_5c020d89,search_result_clicked,2026-07-03 09:31:04,SES_c7933650e3,USR_70852,mobile,Control_Keyword,cherry vanilla soda,5,False,,KDP_SKU_1005,8.0,
EVT_fb7e8133,search_to_cart_added,2026-07-03 09:31:43,SES_c7933650e3,USR_70852,mobile,Control_Keyword,cherry vanilla soda,5,False,,KDP_SKU_1005,8.0,38.39
EVT_06d07cd1,search_query_submitted,2026-07-03 09:42:00,SES_66d2fa87f1,USR_56439,tablet,Control_Keyword,drpepr zero,24,False,563.0,,,
EVT_4a6fee6c,search_query_submitted,2026-07-03 10:25:00,SES_687fe794a0,USR_32492,tablet,Variant_B_AI_Semantic,dark roast k-cup,23,False,156.0,,,
EVT_9607e165,search_result_clicked,2026-07-03 10:25:13,SES_687fe794a0,USR_32492,tablet,Variant_B_AI_Semantic,dark roast k-cup,23,False,,KDP_SKU_1044,2.0,
EVT_71f9d74f,search_query_submitted,2026-07-03 11:27:00,SES_357a41e1de,USR_38746,desktop,Control_Keyword,kcup pods discount,17,False,226.0,,,
EVT_1e96d5a9,search_result_clicked,2026-07-03 11:27:15,SES_357a41e1de,USR_38746,desktop,Control_Keyword,kcup pods discount,17,False,,KDP_SKU_1074,3.0,
EVT_570adcc9,search_query_submitted,2026-07-03 12:08:00,SES_c9147ccbbe,USR_17857,mobile,Control_Keyword,kcup pods discount,13,False,243.0,,,
EVT_585e3619,search_query_submitted,2026-07-03 12:59:00,SES_89fb4c0f49,USR_94123,tablet,Control_Keyword,dark roast k-cup,4,False,598.0,,,
EVT_6822bd17,search_result_clicked,2026-07-03 12:59:04,SES_89fb4c0f49,USR_94123,tablet,Control_Keyword,dark roast k-cup,4,False,,KDP_SKU_1056,4.0,
EVT_1106c036,search_query_submitted,2026-07-03 14:12:00,SES_bc410d2abb,USR_45669,mobile,Control_Keyword,espresso pods hazelnut,0,True,257.0,,,
EVT_023e2ed2,search_query_submitted,2026-07-03 15:26:00,SES_ea24224a24,USR_45601,tablet,Variant_B_AI_Semantic,drpepr zero,23,False,142.0,,,
EVT_b6ad118e,search_result_clicked,2026-07-03 15:26:06,SES_ea24224a24,USR_45601,tablet,Variant_B_AI_Semantic,drpepr zero,23,False,,KDP_SKU_1004,3.0,
EVT_fa22e11b,search_to_cart_added,2026-07-03 15:26:37,SES_ea24224a24,USR_45601,tablet,Variant_B_AI_Semantic,drpepr zero,23,False,,KDP_SKU_1004,3.0,15.81
EVT_6f5208a6,search_query_submitted,2026-07-03 16:02:00,SES_6186c8f20f,USR_96445,desktop,Control_Keyword,keurig single serve machine,7,False,573.0,,,
EVT_c9b62eea,search_result_clicked,2026-07-03 16:02:07,SES_6186c8f20f,USR_96445,desktop,Control_Keyword,keurig single serve machine,7,False,,KDP_SKU_1022,8.0,
EVT_5a43c164,search_query_submitted,2026-07-03 16:05:00,SES_5017f88b52,USR_92478,mobile,Variant_B_AI_Semantic,dr pepper zero sugar 12oz,45,False,138.0,,,
EVT_ddbfae16,search_result_clicked,2026-07-03 16:05:14,SES_5017f88b52,USR_92478,mobile,Variant_B_AI_Semantic,dr pepper zero sugar 12oz,45,False,,KDP_SKU_1072,3.0,
EVT_ae112087,search_query_submitted,2026-07-03 16:07:00,SES_594fb33353,USR_11607,mobile,Control_Keyword,caffeine free organic energy drink,0,True,274.0,,,
EVT_8985be11,search_query_submitted,2026-07-03 16:16:00,SES_ba8698f4f4,USR_15123,mobile,Control_Keyword,keurig single serve machine,10,False,627.0,,,
EVT_29441787,search_result_clicked,2026-07-03 16:16:11,SES_ba8698f4f4,USR_15123,mobile,Control_Keyword,keurig single serve machine,10,False,,KDP_SKU_1037,4.0,
EVT_0e558c3e,search_to_cart_added,2026-07-03 16:16:38,SES_ba8698f4f4,USR_15123,mobile,Control_Keyword,keurig single serve machine,10,False,,KDP_SKU_1037,4.0,42.48
EVT_78016bc1,search_query_submitted,2026-07-03 17:24:00,SES_a4251cfa2e,USR_59375,mobile,Variant_B_AI_Semantic,keurig single serve machine,21,False,137.0,,,
EVT_0b0269cb,search_query_submitted,2026-07-03 17:31:00,SES_15400db199,USR_20208,desktop,Control_Keyword,kcup pods discount,23,False,641.0,,,
EVT_606ffd8d,search_query_submitted,2026-07-03 18:02:00,SES_1784efd1f3,USR_66828,desktop,Variant_B_AI_Semantic,espresso pods hazelnut,22,False,109.0,,,
EVT_dae80914,search_result_clicked,2026-07-03 18:02:04,SES_1784efd1f3,USR_66828,desktop,Variant_B_AI_Semantic,espresso pods hazelnut,22,False,,KDP_SKU_1005,1.0,
EVT_30b01a16,search_query_submitted,2026-07-03 18:06:00,SES_9dd341f520,USR_48630,desktop,Variant_B_AI_Semantic,espresso pods hazelnut,45,False,111.0,,,
EVT_0f3dc7d7,search_result_clicked,2026-07-03 18:06:13,SES_9dd341f520,USR_48630,desktop,Variant_B_AI_Semantic,espresso pods hazelnut,45,False,,KDP_SKU_1051,2.0,
EVT_87bdb83a,search_query_submitted,2026-07-03 18:33:00,SES_68350842fc,USR_24953,mobile,Control_Keyword,caffeine free organic energy drink,0,True,502.0,,,
EVT_418eab59,search_query_submitted,2026-07-03 18:45:00,SES_fd6901c734,ANONYMOUS_GUEST,tablet,Variant_B_AI_Semantic,dark roast k-cup,14,False,178.0,,,
EVT_404d6bf8,search_result_clicked,2026-07-03 18:45:12,SES_fd6901c734,ANONYMOUS_GUEST,tablet,Variant_B_AI_Semantic,dark roast k-cup,14,False,,KDP_SKU_1065,3.0,
EVT_c0e44cff,search_query_submitted,2026-07-03 19:03:00,SES_459bbf7186,USR_25704,mobile,Control_Keyword,kcup pods discount,11,False,391.0,,,
EVT_bbc084fd,search_result_clicked,2026-07-03 19:03:08,SES_459bbf7186,USR_25704,mobile,Control_Keyword,kcup pods discount,11,False,,KDP_SKU_1051,4.0,
EVT_d4b9afeb,search_query_submitted,2026-07-03 19:04:00,SES_ec8b2d7993,USR_18178,mobile,Control_Keyword,cherry vanilla soda,17,False,289.0,,,
EVT_46ef0852,search_result_clicked,2026-07-03 19:04:07,SES_ec8b2d7993,USR_18178,mobile,Control_Keyword,cherry vanilla soda,17,False,,KDP_SKU_1021,7.0,
EVT_7d13001c,search_to_cart_added,2026-07-03 19:04:23,SES_ec8b2d7993,USR_18178,mobile,Control_Keyword,cherry vanilla soda,17,False,,KDP_SKU_1021,7.0,41.45
EVT_0501af4c,search_query_submitted,2026-07-03 19:36:00,SES_d34f5492bd,USR_96169,mobile,Control_Keyword,dark roast k-cup,8,False,256.0,,,
EVT_6313e204,search_result_clicked,2026-07-03 19:36:05,SES_d34f5492bd,USR_96169,mobile,Control_Keyword,dark roast k-cup,8,False,,KDP_SKU_1010,5.0,
EVT_aea01022,search_query_submitted,2026-07-03 20:31:00,SES_3b1fc0aa8e,USR_93859,desktop,Control_Keyword,cherry vanilla soda,18,False,646.0,,,
EVT_4b968a3d,search_result_clicked,2026-07-03 20:31:05,SES_3b1fc0aa8e,USR_93859,desktop,Control_Keyword,cherry vanilla soda,18,False,,KDP_SKU_1067,5.0,
EVT_2ee27423,search_to_cart_added,2026-07-03 20:31:24,SES_3b1fc0aa8e,USR_93859,desktop,Control_Keyword,cherry vanilla soda,18,False,,KDP_SKU_1067,5.0,16.07
EVT_2ee8e4bb,search_query_submitted,2026-07-03 21:11:00,SES_b24ffc9bfc,USR_92208,tablet,Variant_B_AI_Semantic,snapple peach tea diet,37,False,185.0,,,
EVT_b06b026a,search_result_clicked,2026-07-03 21:11:13,SES_b24ffc9bfc,USR_92208,tablet,Variant_B_AI_Semantic,snapple peach tea diet,37,False,,KDP_SKU_1024,3.0,
EVT_b80f52c9,search_to_cart_added,2026-07-03 21:11:52,SES_b24ffc9bfc,USR_92208,tablet,Variant_B_AI_Semantic,snapple peach tea diet,37,False,,KDP_SKU_1024,3.0,12.83
EVT_388eb6a2,search_query_submitted,2026-07-03 21:13:00,SES_7417faf4b6,USR_75494,mobile,Control_Keyword,dark roast k-cup,3,False,353.0,,,
EVT_572d1c78,search_query_submitted,2026-07-03 22:45:00,SES_ab7fe63499,USR_62513,tablet,Control_Keyword,dr pepper zero sugar 12oz,24,False,485.0,,,
EVT_de204434,search_query_submitted,2026-07-04 04:10:00,SES_10a5e64e85,USR_86379,tablet,Variant_B_AI_Semantic,cherry vanilla soda,16,False,155.0,,,
EVT_a973c13c,search_result_clicked,2026-07-04 04:10:03,SES_10a5e64e85,USR_86379,tablet,Variant_B_AI_Semantic,cherry vanilla soda,16,False,,KDP_SKU_1020,1.0,
EVT_1c8af39a,search_query_submitted,2026-07-04 07:03:00,SES_683b6245b6,USR_99441,desktop,Control_Keyword,vanilla flavored coffee,20,False,245.0,,,
EVT_a78097b2,search_query_submitted,2026-07-04 07:32:00,SES_830a228191,USR_56041,desktop,Variant_B_AI_Semantic,espresso pods hazelnut,27,False,101.0,,,
EVT_61b06366,search_result_clicked,2026-07-04 07:32:03,SES_830a228191,USR_56041,desktop,Variant_B_AI_Semantic,espresso pods hazelnut,27,False,,KDP_SKU_1032,1.0,
EVT_3fa12509,search_query_submitted,2026-07-04 07:40:00,SES_8401873839,USR_79842,mobile,Control_Keyword,drpepr zero,13,False,589.0,,,
EVT_29a30913,search_query_submitted,2026-07-04 07:51:00,SES_0fc003d942,USR_26716,mobile,Variant_B_AI_Semantic,dark roast k-cup,27,False,190.0,,,
EVT_186949be,search_result_clicked,2026-07-04 07:51:07,SES_0fc003d942,USR_26716,mobile,Variant_B_AI_Semantic,dark roast k-cup,27,False,,KDP_SKU_1006,1.0,
EVT_dbdc189f,search_query_submitted,2026-07-04 09:47:00,SES_5f74359e56,ANONYMOUS_GUEST,mobile,Variant_B_AI_Semantic,dr pepper zero sugar 12oz,9,False,171.0,,,
EVT_0586c431,search_query_submitted,2026-07-04 09:55:00,SES_82ef7f3f39,USR_64600,tablet,Variant_B_AI_Semantic,vanilla flavored coffee,41,False,172.0,,,
EVT_72a7d656,search_result_clicked,2026-07-04 09:55:11,SES_82ef7f3f39,USR_64600,tablet,Variant_B_AI_Semantic,vanilla flavored coffee,41,False,,KDP_SKU_1047,3.0,
EVT_07b82c5a,search_to_cart_added,2026-07-04 09:55:46,SES_82ef7f3f39,USR_64600,tablet,Variant_B_AI_Semantic,vanilla flavored coffee,41,False,,KDP_SKU_1047,3.0,10.43
EVT_ddcf2ea0,search_query_submitted,2026-07-04 11:51:00,SES_cf7f38d187,USR_50019,tablet,Control_Keyword,espresso pods hazelnut,0,True,528.0,,,
EVT_d7f3a114,search_query_submitted,2026-07-04 12:01:00,SES_33dfdb9d32,USR_82756,mobile,Variant_B_AI_Semantic,keurig single serve machine,27,False,183.0,,,
EVT_1696bb38,search_query_submitted,2026-07-04 12:01:00,SES_5510660e11,USR_68190,mobile,Variant_B_AI_Semantic,dr pepper zero sugar 12oz,35,False,128.0,,,
EVT_34eae875,search_query_submitted,2026-07-04 13:14:00,SES_a0b2c45011,USR_84600,desktop,Variant_B_AI_Semantic,dr pepper zero sugar 12oz,28,False,94.0,,,
EVT_fa5bf88d,search_result_clicked,2026-07-04 13:14:09,SES_a0b2c45011,USR_84600,desktop,Variant_B_AI_Semantic,dr pepper zero sugar 12oz,28,False,,KDP_SKU_1036,1.0,
EVT_ec07f14f,search_to_cart_added,2026-07-04 13:14:29,SES_a0b2c45011,USR_84600,desktop,Variant_B_AI_Semantic,dr pepper zero sugar 12oz,28,False,,KDP_SKU_1036,1.0,30.28
EVT_e947a159,search_query_submitted,2026-07-04 15:38:00,SES_5c936d9489,USR_23926,tablet,Control_Keyword,dr pepper zero sugar 12oz,5,False,197.0,,,
EVT_2cce3b92,search_query_submitted,2026-07-04 16:49:00,SES_561dad9313,USR_46226,tablet,Control_Keyword,snapple peach tea diet,10,False,262.0,,,
EVT_e2afff39,search_result_clicked,2026-07-04 16:49:08,SES_561dad9313,USR_46226,tablet,Control_Keyword,snapple peach tea diet,10,False,,KDP_SKU_1027,7.0,
EVT_4d6d317b,search_query_submitted,2026-07-04 19:26:00,SES_f7d791b496,USR_79742,tablet,Control_Keyword,vanilla flavored coffee,15,False,415.0,,,
EVT_34d01f64,search_result_clicked,2026-07-04 19:26:10,SES_f7d791b496,USR_79742,tablet,Control_Keyword,vanilla flavored coffee,15,False,,KDP_SKU_1017,1.0,
EVT_caf06b74,search_query_submitted,2026-07-04 20:17:00,SES_beebfdcb91,USR_38074,mobile,Variant_B_AI_Semantic,espresso pods hazelnut,16,False,119.0,,,
EVT_b8dfcfc1,search_query_submitted,2026-07-04 20:59:00,SES_7b6631e829,USR_58690,desktop,Control_Keyword,dr pepper zero sugar 12oz,5,False,233.0,,,
EVT_fc80b422,search_query_submitted,2026-07-04 21:01:00,SES_112968ac9c,USR_59369,mobile,Control_Keyword,drpepr zero,22,False,639.0,,,
EVT_200f0481,search_result_clicked,2026-07-04 21:01:11,SES_112968ac9c,USR_59369,mobile,Control_Keyword,drpepr zero,22,False,,KDP_SKU_1058,4.0,
EVT_82d69fc7,search_query_submitted,2026-07-04 21:07:00,SES_5c235a750e,USR_95915,desktop,Variant_B_AI_Semantic,dark roast k-cup,21,False,202.0,,,
EVT_53774ece,search_result_clicked,2026-07-04 21:07:10,SES_5c235a750e,USR_95915,desktop,Variant_B_AI_Semantic,dark roast k-cup,21,False,,KDP_SKU_1072,3.0,
EVT_3fc17351,search_to_cart_added,2026-07-04 21:07:36,SES_5c235a750e,USR_95915,desktop,Variant_B_AI_Semantic,dark roast k-cup,21,False,,KDP_SKU_1072,3.0,47.48
EVT_c6d42834,search_query_submitted,2026-07-04 21:38:00,SES_680e11ed13,USR_47304,tablet,Variant_B_AI_Semantic,kcup pods discount,39,False,194.0,,,
EVT_7ea62ea3,search_result_clicked,2026-07-04 21:38:05,SES_680e11ed13,USR_47304,tablet,Variant_B_AI_Semantic,kcup pods discount,39,False,,KDP_SKU_1058,3.0,
EVT_070efd77,search_query_submitted,2026-07-04 22:24:00,SES_c20c3cac33,USR_54222,tablet,Variant_B_AI_Semantic,drpepr zero,33,False,98.0,,,
EVT_334ea3e1,search_result_clicked,2026-07-04 22:24:13,SES_c20c3cac33,USR_54222,tablet,Variant_B_AI_Semantic,drpepr zero,33,False,,KDP_SKU_1074,2.0,
EVT_bfce1f01,search_to_cart_added,2026-07-04 22:24:35,SES_c20c3cac33,USR_54222,tablet,Variant_B_AI_Semantic,drpepr zero,33,False,,KDP_SKU_1074,2.0,19.84
EVT_4262b876,search_query_submitted,2026-07-04 23:25:00,SES_405a50cd91,USR_88675,desktop,Variant_B_AI_Semantic,dr pepper zero sugar 12oz,22,False,174.0,,,
EVT_9f43a3ca,search_query_submitted,2026-07-05 01:27:00,SES_ff8a130698,USR_54236,mobile,Control_Keyword,dr pepper zero sugar 12oz,15,False,309.0,,,
EVT_2610fe25,search_query_submitted,2026-07-05 01:36:00,SES_506405b4ba,USR_96595,tablet,Variant_B_AI_Semantic,dr pepper zero sugar 12oz,23,False,98.0,,,
EVT_d1c8bbc6,search_result_clicked,2026-07-05 01:36:05,SES_506405b4ba,USR_96595,tablet,Variant_B_AI_Semantic,dr pepper zero sugar 12oz,23,False,,KDP_SKU_1049,3.0,
EVT_b8b92917,search_query_submitted,2026-07-05 01:50:00,SES_09106b0040,USR_71066,desktop,Variant_B_AI_Semantic,caffeine free organic energy drink,26,False,90.0,,,
EVT_a96abd3e,search_result_clicked,2026-07-05 01:50:10,SES_09106b0040,USR_71066,desktop,Variant_B_AI_Semantic,caffeine free organic energy drink,26,False,,KDP_SKU_1020,2.0,
EVT_048e38dc,search_query_submitted,2026-07-05 02:56:00,SES_4da4d2a860,USR_82069,mobile,Variant_B_AI_Semantic,keurig single serve machine,33,False,196.0,,,
EVT_e0faa84c,search_result_clicked,2026-07-05 02:56:05,SES_4da4d2a860,USR_82069,mobile,Variant_B_AI_Semantic,keurig single serve machine,33,False,,KDP_SKU_1045,3.0,
EVT_23755be3,search_query_submitted,2026-07-05 03:36:00,SES_01a0b22949,USR_82684,tablet,Control_Keyword,kcup pods discount,5,False,325.0,,,
EVT_770f70e9,search_result_clicked,2026-07-05 03:36:05,SES_01a0b22949,USR_82684,tablet,Control_Keyword,kcup pods discount,5,False,,KDP_SKU_1081,9.0,
EVT_b6db950e,search_query_submitted,2026-07-05 04:33:00,SES_cba68bf8f8,USR_62699,desktop,Variant_B_AI_Semantic,cherry vanilla soda,39,False,130.0,,,
EVT_bbcd38ac,search_query_submitted,2026-07-05 04:49:00,SES_1b62d5fd26,USR_64827,mobile,Control_Keyword,kcup pods discount,21,False,506.0,,,
EVT_a00ba3e8,search_result_clicked,2026-07-05 04:49:05,SES_1b62d5fd26,USR_64827,mobile,Control_Keyword,kcup pods discount,21,False,,KDP_SKU_1084,6.0,
EVT_4e5cf5e0,search_query_submitted,2026-07-05 04:55:00,SES_211c99f8ec,USR_72371,desktop,Control_Keyword,kcup pods discount,14,False,314.0,,,
EVT_16b20461,search_result_clicked,2026-07-05 04:55:15,SES_211c99f8ec,USR_72371,desktop,Control_Keyword,kcup pods discount,14,False,,KDP_SKU_1043,3.0,
EVT_93f58c67,search_to_cart_added,2026-07-05 04:55:55,SES_211c99f8ec,USR_72371,desktop,Control_Keyword,kcup pods discount,14,False,,KDP_SKU_1043,3.0,16.02
EVT_f5ce093f,search_query_submitted,2026-07-05 05:38:00,SES_29d08ec8c0,USR_90960,desktop,Variant_B_AI_Semantic,snapple peach tea diet,45,False,197.0,,,
EVT_7e2c928f,search_query_submitted,2026-07-05 05:56:00,SES_586fa15ce5,ANONYMOUS_GUEST,mobile,Variant_B_AI_Semantic,kcup pods discount,43,False,119.0,,,
EVT_39929ec2,search_result_clicked,2026-07-05 05:56:06,SES_586fa15ce5,ANONYMOUS_GUEST,mobile,Variant_B_AI_Semantic,kcup pods discount,43,False,,KDP_SKU_1077,3.0,
EVT_58845609,search_query_submitted,2026-07-05 06:02:00,SES_727515c8b4,USR_37424,desktop,Variant_B_AI_Semantic,espresso pods hazelnut,42,False,128.0,,,
EVT_26513649,search_result_clicked,2026-07-05 06:02:09,SES_727515c8b4,USR_37424,desktop,Variant_B_AI_Semantic,espresso pods hazelnut,42,False,,KDP_SKU_1041,2.0,
EVT_17f8247a,search_to_cart_added,2026-07-05 06:02:24,SES_727515c8b4,USR_37424,desktop,Variant_B_AI_Semantic,espresso pods hazelnut,42,False,,KDP_SKU_1041,2.0,36.99
EVT_88ba35de,search_query_submitted,2026-07-05 06:21:00,SES_786add6801,USR_62550,mobile,Variant_B_AI_Semantic,dr pepper zero sugar 12oz,27,False,163.0,,,
EVT_cf2297e9,search_result_clicked,2026-07-05 06:21:07,SES_786add6801,USR_62550,mobile,Variant_B_AI_Semantic,dr pepper zero sugar 12oz,27,False,,KDP_SKU_1043,1.0,
EVT_220e4953,search_query_submitted,2026-07-05 06:57:00,SES_b2dc887f3f,USR_66068,tablet,Control_Keyword,espresso pods hazelnut,0,True,619.0,,,
EVT_587ffe6b,search_query_submitted,2026-07-05 07:42:00,SES_d9858cd30a,USR_67131,tablet,Variant_B_AI_Semantic,cherry vanilla soda,26,False,105.0,,,
EVT_ca57e63e,search_result_clicked,2026-07-05 07:42:03,SES_d9858cd30a,USR_67131,tablet,Variant_B_AI_Semantic,cherry vanilla soda,26,False,,KDP_SKU_1072,3.0,
EVT_52bb215d,search_query_submitted,2026-07-05 07:45:00,SES_dfb2524beb,USR_79081,desktop,Variant_B_AI_Semantic,espresso pods hazelnut,14,False,215.0,,,
EVT_afec8a77,search_query_submitted,2026-07-05 08:08:00,SES_8b21103554,USR_52317,tablet,Control_Keyword,cherry vanilla soda,9,False,267.0,,,
EVT_efd94c29,search_query_submitted,2026-07-05 08:09:00,SES_f90ea9f203,USR_32099,desktop,Control_Keyword,caffeine free organic energy drink,0,True,579.0,,,
EVT_1aa61760,search_query_submitted,2026-07-05 09:34:00,SES_35bc085954,USR_65353,mobile,Control_Keyword,vanilla flavored coffee,9,False,376.0,,,
EVT_28a14596,search_result_clicked,2026-07-05 09:34:08,SES_35bc085954,USR_65353,mobile,Control_Keyword,vanilla flavored coffee,9,False,,KDP_SKU_1082,6.0,
EVT_0826c024,search_query_submitted,2026-07-05 09:41:00,SES_b9217aecf2,USR_73198,desktop,Control_Keyword,espresso pods hazelnut,0,True,565.0,,,
EVT_8a2f4e3c,search_query_submitted,2026-07-05 09:42:00,SES_7ec0b5ef05,USR_95267,mobile,Variant_B_AI_Semantic,snapple peach tea diet,26,False,95.0,,,
EVT_9f2ccb68,search_result_clicked,2026-07-05 09:42:14,SES_7ec0b5ef05,USR_95267,mobile,Variant_B_AI_Semantic,snapple peach tea diet,26,False,,KDP_SKU_1049,3.0,
EVT_24be0bf9,search_query_submitted,2026-07-05 10:38:00,SES_9bd7e23700,USR_39571,tablet,Control_Keyword,cherry vanilla soda,19,False,367.0,,,
EVT_fa0709dc,search_result_clicked,2026-07-05 10:38:04,SES_9bd7e23700,USR_39571,tablet,Control_Keyword,cherry vanilla soda,19,False,,KDP_SKU_1046,9.0,
EVT_f1fa0da2,search_query_submitted,2026-07-05 10:47:00,SES_a3a3be9212,USR_17149,desktop,Control_Keyword,caffeine free organic energy drink,0,True,411.0,,,
EVT_ad460fa0,search_query_submitted,2026-07-05 13:44:00,SES_bb53872440,USR_69597,mobile,Control_Keyword,drpepr zero,2,False,624.0,,,
EVT_8d0a1720,search_result_clicked,2026-07-05 13:44:04,SES_bb53872440,USR_69597,mobile,Control_Keyword,drpepr zero,2,False,,KDP_SKU_1053,6.0,
EVT_6df020fa,search_query_submitted,2026-07-05 15:13:00,SES_4c24af48c5,USR_54350,desktop,Control_Keyword,snapple peach tea diet,4,False,348.0,,,
EVT_1b594084,search_result_clicked,2026-07-05 15:13:14,SES_4c24af48c5,USR_54350,desktop,Control_Keyword,snapple peach tea diet,4,False,,KDP_SKU_1069,5.0,
EVT_8550b258,search_query_submitted,2026-07-05 16:54:00,SES_1d64ed73c2,USR_49976,tablet,Variant_B_AI_Semantic,caffeine free organic energy drink,32,False,191.0,,,
EVT_fcadcc8b,search_result_clicked,2026-07-05 16:54:11,SES_1d64ed73c2,USR_49976,tablet,Variant_B_AI_Semantic,caffeine free organic energy drink,32,False,,KDP_SKU_1063,2.0,
EVT_a10ea36a,search_query_submitted,2026-07-05 16:58:00,SES_118b3c98b3,USR_49131,mobile,Variant_B_AI_Semantic,dr pepper zero sugar 12oz,16,False,171.0,,,
EVT_51b2ec97,search_result_clicked,2026-07-05 16:58:10,SES_118b3c98b3,USR_49131,mobile,Variant_B_AI_Semantic,dr pepper zero sugar 12oz,16,False,,KDP_SKU_1018,2.0,
EVT_68aaa9c7,search_query_submitted,2026-07-05 17:48:00,SES_b957f27145,USR_62162,desktop,Control_Keyword,keurig single serve machine,17,False,180.0,,,
EVT_7ee77101,search_query_submitted,2026-07-05 18:23:00,SES_473d1a73a1,USR_90004,desktop,Control_Keyword,drpepr zero,22,False,434.0,,,
EVT_d0ad7c16,search_result_clicked,2026-07-05 18:23:11,SES_473d1a73a1,USR_90004,desktop,Control_Keyword,drpepr zero,22,False,,KDP_SKU_1034,5.0,
EVT_d3c501d8,search_query_submitted,2026-07-05 18:56:00,SES_a835d7a432,USR_34050,desktop,Variant_B_AI_Semantic,vanilla flavored coffee,36,False,220.0,,,
EVT_5f55c1bd,search_query_submitted,2026-07-05 19:06:00,SES_ea030fb12a,USR_98716,desktop,Control_Keyword,vanilla flavored coffee,12,False,296.0,,,
EVT_daa9d0f2,search_result_clicked,2026-07-05 19:06:09,SES_ea030fb12a,USR_98716,desktop,Control_Keyword,vanilla flavored coffee,12,False,,KDP_SKU_1065,4.0,
EVT_80633125,search_query_submitted,2026-07-05 19:44:00,SES_f731a303bb,USR_88883,tablet,Variant_B_AI_Semantic,espresso pods hazelnut,0,True,194.0,,,
EVT_0403d800,search_query_submitted,2026-07-05 20:31:00,SES_5316584a52,USR_46666,mobile,Variant_B_AI_Semantic,espresso pods hazelnut,23,False,172.0,,,
EVT_45de1b08,search_result_clicked,2026-07-05 20:31:08,SES_5316584a52,USR_46666,mobile,Variant_B_AI_Semantic,espresso pods hazelnut,23,False,,KDP_SKU_1075,3.0,
EVT_d13a51eb,search_to_cart_added,2026-07-05 20:31:30,SES_5316584a52,USR_46666,mobile,Variant_B_AI_Semantic,espresso pods hazelnut,23,False,,KDP_SKU_1075,3.0,34.83
EVT_aa75e24a,search_query_submitted,2026-07-05 21:46:00,SES_01200e174a,USR_39817,mobile,Control_Keyword,vanilla flavored coffee,22,False,540.0,,,
EVT_6e65602b,search_query_submitted,2026-07-05 23:18:00,SES_7412209069,USR_59192,tablet,Variant_B_AI_Semantic,espresso pods hazelnut,0,True,142.0,,,
EVT_a5c66e38,search_query_submitted,2026-07-06 00:06:00,SES_79e8c922a6,USR_68733,mobile,Variant_B_AI_Semantic,caffeine free organic energy drink,39,False,84.0,,,
EVT_60e28816,search_result_clicked,2026-07-06 00:06:03,SES_79e8c922a6,USR_68733,mobile,Variant_B_AI_Semantic,caffeine free organic energy drink,39,False,,KDP_SKU_1022,3.0,
EVT_e48ea512,search_query_submitted,2026-07-06 00:16:00,SES_9bf766909f,USR_67941,tablet,Control_Keyword,kcup pods discount,22,False,519.0,,,
EVT_d408c35a,search_result_clicked,2026-07-06 00:16:12,SES_9bf766909f,USR_67941,tablet,Control_Keyword,kcup pods discount,22,False,,KDP_SKU_1017,1.0,
EVT_db624878,search_to_cart_added,2026-07-06 00:16:41,SES_9bf766909f,USR_67941,tablet,Control_Keyword,kcup pods discount,22,False,,KDP_SKU_1017,1.0,15.69
EVT_5b8c0409,search_query_submitted,2026-07-06 00:44:00,SES_a12efe3f66,USR_57349,mobile,Variant_B_AI_Semantic,dark roast k-cup,10,False,162.0,,,
EVT_eee9a36f,search_result_clicked,2026-07-06 00:44:14,SES_a12efe3f66,USR_57349,mobile,Variant_B_AI_Semantic,dark roast k-cup,10,False,,KDP_SKU_1038,2.0,
EVT_c623daeb,search_to_cart_added,2026-07-06 00:44:53,SES_a12efe3f66,USR_57349,mobile,Variant_B_AI_Semantic,dark roast k-cup,10,False,,KDP_SKU_1038,2.0,33.2
EVT_1d707f02,search_query_submitted,2026-07-06 03:47:00,SES_0857bed973,USR_59474,tablet,Control_Keyword,cherry vanilla soda,13,False,207.0,,,
EVT_7838d707,search_result_clicked,2026-07-06 03:47:05,SES_0857bed973,USR_59474,tablet,Control_Keyword,cherry vanilla soda,13,False,,KDP_SKU_1017,10.0,
EVT_ea91ad78,search_to_cart_added,2026-07-06 03:47:33,SES_0857bed973,USR_59474,tablet,Control_Keyword,cherry vanilla soda,13,False,,KDP_SKU_1017,10.0,15.69
EVT_c7bdd010,search_query_submitted,2026-07-06 04:01:00,SES_9e84787562,USR_62923,desktop,Variant_B_AI_Semantic,keurig single serve machine,22,False,104.0,,,
EVT_ed545124,search_result_clicked,2026-07-06 04:01:15,SES_9e84787562,USR_62923,desktop,Variant_B_AI_Semantic,keurig single serve machine,22,False,,KDP_SKU_1033,2.0,
EVT_5ec590e1,search_to_cart_added,2026-07-06 04:01:35,SES_9e84787562,USR_62923,desktop,Variant_B_AI_Semantic,keurig single serve machine,22,False,,KDP_SKU_1033,2.0,29.58
EVT_6f7246c9,search_query_submitted,2026-07-06 04:04:00,SES_e3bdd064b5,USR_23751,tablet,Control_Keyword,vanilla flavored coffee,11,False,238.0,,,
EVT_14eae0f4,search_query_submitted,2026-07-06 04:17:00,SES_0dd3219697,USR_62947,mobile,Control_Keyword,keurig single serve machine,15,False,439.0,,,
EVT_6d9e801c,search_result_clicked,2026-07-06 04:17:04,SES_0dd3219697,USR_62947,mobile,Control_Keyword,keurig single serve machine,15,False,,KDP_SKU_1071,6.0,
EVT_413c2f35,search_query_submitted,2026-07-06 04:51:00,SES_b293f3b781,USR_55693,desktop,Control_Keyword,kcup pods discount,5,False,387.0,,,
EVT_cb5a5229,search_query_submitted,2026-07-06 06:05:00,SES_b7b0189685,USR_93928,tablet,Variant_B_AI_Semantic,drpepr zero,11,False,92.0,,,
EVT_073a7118,search_result_clicked,2026-07-06 06:05:04,SES_b7b0189685,USR_93928,tablet,Variant_B_AI_Semantic,drpepr zero,11,False,,KDP_SKU_1018,3.0,
EVT_2e92272e,search_to_cart_added,2026-07-06 06:05:33,SES_b7b0189685,USR_93928,tablet,Variant_B_AI_Semantic,drpepr zero,11,False,,KDP_SKU_1018,3.0,31.92
EVT_b533ee6d,search_query_submitted,2026-07-06 07:28:00,SES_ca0ccd6efc,USR_31514,desktop,Variant_B_AI_Semantic,dr pepper zero sugar 12oz,32,False,204.0,,,
EVT_301b3c16,search_result_clicked,2026-07-06 07:28:13,SES_ca0ccd6efc,USR_31514,desktop,Variant_B_AI_Semantic,dr pepper zero sugar 12oz,32,False,,KDP_SKU_1060,3.0,
EVT_7df11be7,search_query_submitted,2026-07-06 08:02:00,SES_49a2c6a0a8,USR_29369,desktop,Control_Keyword,dark roast k-cup,20,False,538.0,,,
EVT_fb6d5f19,search_result_clicked,2026-07-06 08:02:05,SES_49a2c6a0a8,USR_29369,desktop,Control_Keyword,dark roast k-cup,20,False,,KDP_SKU_1029,7.0,
EVT_6678cb7b,search_query_submitted,2026-07-06 09:04:00,SES_b80749a8e4,USR_25725,tablet,Variant_B_AI_Semantic,keurig single serve machine,32,False,127.0,,,
EVT_fa139a80,search_result_clicked,2026-07-06 09:04:13,SES_b80749a8e4,USR_25725,tablet,Variant_B_AI_Semantic,keurig single serve machine,32,False,,KDP_SKU_1030,2.0,
EVT_0ca0ab86,search_query_submitted,2026-07-06 09:49:00,SES_e4e5d32ec5,USR_34227,mobile,Variant_B_AI_Semantic,snapple peach tea diet,29,False,157.0,,,
EVT_4504a043,search_query_submitted,2026-07-06 11:15:00,SES_1c7d7ecd30,USR_40102,mobile,Variant_B_AI_Semantic,keurig single serve machine,25,False,128.0,,,
EVT_adcb177f,search_result_clicked,2026-07-06 11:15:06,SES_1c7d7ecd30,USR_40102,mobile,Variant_B_AI_Semantic,keurig single serve machine,25,False,,KDP_SKU_1033,1.0,
EVT_56b02025,search_to_cart_added,2026-07-06 11:15:17,SES_1c7d7ecd30,USR_40102,mobile,Variant_B_AI_Semantic,keurig single serve machine,25,False,,KDP_SKU_1033,1.0,29.58
EVT_eef5e5a4,search_query_submitted,2026-07-06 11:23:00,SES_e92e6396fc,USR_43332,desktop,Control_Keyword,caffeine free organic energy drink,0,True,538.0,,,
EVT_53410d63,search_query_submitted,2026-07-06 11:47:00,SES_ab62f47adf,USR_57477,desktop,Control_Keyword,espresso pods hazelnut,0,True,349.0,,,
EVT_5a4864c1,search_query_submitted,2026-07-06 11:50:00,SES_2113744629,USR_56101,tablet,Variant_B_AI_Semantic,cherry vanilla soda,41,False,165.0,,,
EVT_f8902a65,search_result_clicked,2026-07-06 11:50:05,SES_2113744629,USR_56101,tablet,Variant_B_AI_Semantic,cherry vanilla soda,41,False,,KDP_SKU_1036,2.0,
EVT_6d074253,search_query_submitted,2026-07-06 12:32:00,SES_48845788b2,USR_91232,tablet,Control_Keyword,snapple peach tea diet,24,False,411.0,,,
EVT_16c3c79e,search_result_clicked,2026-07-06 12:32:08,SES_48845788b2,USR_91232,tablet,Control_Keyword,snapple peach tea diet,24,False,,KDP_SKU_1039,6.0,
EVT_405ee23a,search_query_submitted,2026-07-06 12:41:00,SES_78d9cc006b,USR_69596,mobile,Variant_B_AI_Semantic,keurig single serve machine,15,False,103.0,,,
EVT_d71d6801,search_result_clicked,2026-07-06 12:41:11,SES_78d9cc006b,USR_69596,mobile,Variant_B_AI_Semantic,keurig single serve machine,15,False,,KDP_SKU_1078,1.0,
EVT_7fc54d76,search_query_submitted,2026-07-06 12:42:00,SES_0266561634,USR_22752,desktop,Variant_B_AI_Semantic,drpepr zero,12,False,107.0,,,
EVT_4fffdf50,search_query_submitted,2026-07-06 13:07:00,SES_21f4426750,USR_60432,mobile,Variant_B_AI_Semantic,kcup pods discount,24,False,82.0,,,
EVT_7a0b136d,search_result_clicked,2026-07-06 13:07:15,SES_21f4426750,USR_60432,mobile,Variant_B_AI_Semantic,kcup pods discount,24,False,,KDP_SKU_1082,2.0,
EVT_b72471cb,search_query_submitted,2026-07-06 13:11:00,SES_f0f0ace155,USR_77181,desktop,Variant_B_AI_Semantic,espresso pods hazelnut,24,False,129.0,,,
EVT_9d28518b,search_query_submitted,2026-07-06 15:30:00,SES_4206dd5c38,USR_29315,tablet,Variant_B_AI_Semantic,drpepr zero,18,False,83.0,,,
EVT_13fff0be,search_result_clicked,2026-07-06 15:30:09,SES_4206dd5c38,USR_29315,tablet,Variant_B_AI_Semantic,drpepr zero,18,False,,KDP_SKU_1055,2.0,
EVT_f567a92b,search_query_submitted,2026-07-06 16:42:00,SES_b5db5c669c,USR_63562,desktop,Variant_B_AI_Semantic,dark roast k-cup,44,False,213.0,,,
EVT_e88e9a97,search_result_clicked,2026-07-06 16:42:14,SES_b5db5c669c,USR_63562,desktop,Variant_B_AI_Semantic,dark roast k-cup,44,False,,KDP_SKU_1076,1.0,
EVT_f38feedf,search_query_submitted,2026-07-06 17:45:00,SES_ce5c2871fe,USR_87777,desktop,Variant_B_AI_Semantic,cherry vanilla soda,23,False,88.0,,,
EVT_7162ed38,search_result_clicked,2026-07-06 17:45:12,SES_ce5c2871fe,USR_87777,desktop,Variant_B_AI_Semantic,cherry vanilla soda,23,False,,KDP_SKU_1002,3.0,
EVT_9f6c8755,search_query_submitted,2026-07-06 19:39:00,SES_8001804a1a,ANONYMOUS_GUEST,mobile,Variant_B_AI_Semantic,snapple peach tea diet,35,False,186.0,,,
EVT_67950966,search_result_clicked,2026-07-06 19:39:12,SES_8001804a1a,ANONYMOUS_GUEST,mobile,Variant_B_AI_Semantic,snapple peach tea diet,35,False,,KDP_SKU_1064,3.0,
EVT_ce30823f,search_query_submitted,2026-07-06 19:57:00,SES_39bca05d0a,USR_92154,desktop,Variant_B_AI_Semantic,kcup pods discount,33,False,189.0,,,
EVT_08bcdd11,search_result_clicked,2026-07-06 19:57:05,SES_39bca05d0a,USR_92154,desktop,Variant_B_AI_Semantic,kcup pods discount,33,False,,KDP_SKU_1047,2.0,
EVT_6d146ffa,search_to_cart_added,2026-07-06 19:57:30,SES_39bca05d0a,USR_92154,desktop,Variant_B_AI_Semantic,kcup pods discount,33,False,,KDP_SKU_1047,2.0,10.43
EVT_35eacdd6,search_query_submitted,2026-07-06 20:41:00,SES_22ed5e5f5c,USR_29391,tablet,Variant_B_AI_Semantic,keurig single serve machine,42,False,157.0,,,
EVT_dee5f020,search_result_clicked,2026-07-06 20:41:15,SES_22ed5e5f5c,USR_29391,tablet,Variant_B_AI_Semantic,keurig single serve machine,42,False,,KDP_SKU_1021,2.0,
EVT_b495fda9,search_to_cart_added,2026-07-06 20:41:49,SES_22ed5e5f5c,USR_29391,tablet,Variant_B_AI_Semantic,keurig single serve machine,42,False,,KDP_SKU_1021,2.0,41.45
EVT_7f6cdcab,search_query_submitted,2026-07-06 22:05:00,SES_7a29e0611d,USR_32114,desktop,Variant_B_AI_Semantic,snapple peach tea diet,20,False,183.0,,,
EVT_88c33a93,search_result_clicked,2026-07-06 22:05:07,SES_7a29e0611d,USR_32114,desktop,Variant_B_AI_Semantic,snapple peach tea diet,20,False,,KDP_SKU_1072,2.0,
EVT_b875a7db,search_query_submitted,2026-07-06 22:31:00,SES_0d4d4cf78a,USR_90750,desktop,Control_Keyword,vanilla flavored coffee,5,False,251.0,,,
EVT_f5171ff5,search_result_clicked,2026-07-06 22:31:08,SES_0d4d4cf78a,USR_90750,desktop,Control_Keyword,vanilla flavored coffee,5,False,,KDP_SKU_1066,7.0,
EVT_d1cd1b22,search_query_submitted,2026-07-07 00:37:00,SES_cd1f77114f,USR_98316,tablet,Control_Keyword,cherry vanilla soda,11,False,224.0,,,
EVT_baa317bc,search_result_clicked,2026-07-07 00:37:14,SES_cd1f77114f,USR_98316,tablet,Control_Keyword,cherry vanilla soda,11,False,,KDP_SKU_1038,1.0,
EVT_d87bc2d8,search_query_submitted,2026-07-07 01:26:00,SES_a25491f302,USR_91937,mobile,Variant_B_AI_Semantic,keurig single serve machine,42,False,107.0,,,
EVT_7201d99f,search_result_clicked,2026-07-07 01:26:15,SES_a25491f302,USR_91937,mobile,Variant_B_AI_Semantic,keurig single serve machine,42,False,,KDP_SKU_1050,3.0,
EVT_fc53fee0,search_query_submitted,2026-07-07 01:53:00,SES_5330d34ab4,USR_59968,tablet,Variant_B_AI_Semantic,keurig single serve machine,39,False,89.0,,,
EVT_9c1c4ad8,search_result_clicked,2026-07-07 01:53:10,SES_5330d34ab4,USR_59968,tablet,Variant_B_AI_Semantic,keurig single serve machine,39,False,,KDP_SKU_1025,1.0,
EVT_c87670b3,search_to_cart_added,2026-07-07 01:53:44,SES_5330d34ab4,USR_59968,tablet,Variant_B_AI_Semantic,keurig single serve machine,39,False,,KDP_SKU_1025,1.0,48.11
EVT_b70765db,search_query_submitted,2026-07-07 01:55:00,SES_0a903d2350,USR_80010,desktop,Variant_B_AI_Semantic,dark roast k-cup,43,False,154.0,,,
EVT_ceca41ea,search_query_submitted,2026-07-07 01:57:00,SES_eb2863621a,USR_60875,mobile,Control_Keyword,snapple peach tea diet,23,False,587.0,,,
EVT_088a8ba5,search_query_submitted,2026-07-07 05:28:00,SES_5f19f81691,USR_62184,mobile,Control_Keyword,cherry vanilla soda,25,False,362.0,,,
EVT_4182a008,search_result_clicked,2026-07-07 05:28:14,SES_5f19f81691,USR_62184,mobile,Control_Keyword,cherry vanilla soda,25,False,,KDP_SKU_1022,7.0,
EVT_44ae6947,search_query_submitted,2026-07-07 05:40:00,SES_5a8a7c4c0e,USR_47642,mobile,Variant_B_AI_Semantic,dr pepper zero sugar 12oz,41,False,170.0,,,
EVT_904707ef,search_result_clicked,2026-07-07 05:40:13,SES_5a8a7c4c0e,USR_47642,mobile,Variant_B_AI_Semantic,dr pepper zero sugar 12oz,41,False,,KDP_SKU_1080,3.0,
EVT_877af53d,search_query_submitted,2026-07-07 05:55:00,SES_43b0c33408,USR_24515,mobile,Variant_B_AI_Semantic,caffeine free organic energy drink,32,False,132.0,,,
EVT_5cbaf41f,search_result_clicked,2026-07-07 05:55:13,SES_43b0c33408,USR_24515,mobile,Variant_B_AI_Semantic,caffeine free organic energy drink,32,False,,KDP_SKU_1035,3.0,
EVT_8906d27e,search_query_submitted,2026-07-07 06:53:00,SES_bba3aaa9f3,USR_22097,mobile,Control_Keyword,dark roast k-cup,2,False,350.0,,,
EVT_32d949cb,search_result_clicked,2026-07-07 06:53:11,SES_bba3aaa9f3,USR_22097,mobile,Control_Keyword,dark roast k-cup,2,False,,KDP_SKU_1042,8.0,
EVT_ad3811fc,search_query_submitted,2026-07-07 06:58:00,SES_b7ea170f8c,USR_47098,desktop,Variant_B_AI_Semantic,kcup pods discount,33,False,104.0,,,
EVT_f36563b7,search_query_submitted,2026-07-07 07:09:00,SES_42bba4ac5e,USR_47360,tablet,Variant_B_AI_Semantic,dark roast k-cup,37,False,152.0,,,
EVT_9f8f73f5,search_result_clicked,2026-07-07 07:09:11,SES_42bba4ac5e,USR_47360,tablet,Variant_B_AI_Semantic,dark roast k-cup,37,False,,KDP_SKU_1029,3.0,
EVT_70d5c415,search_to_cart_added,2026-07-07 07:09:17,SES_42bba4ac5e,USR_47360,tablet,Variant_B_AI_Semantic,dark roast k-cup,37,False,,KDP_SKU_1029,3.0,43.28
EVT_d9c64607,search_query_submitted,2026-07-07 08:21:00,SES_5aaa3b10bc,USR_21813,mobile,Control_Keyword,cherry vanilla soda,7,False,282.0,,,
EVT_5581edcc,search_query_submitted,2026-07-07 08:43:00,SES_5c1805d51d,USR_23965,mobile,Variant_B_AI_Semantic,caffeine free organic energy drink,25,False,106.0,,,
EVT_520317c4,search_result_clicked,2026-07-07 08:43:11,SES_5c1805d51d,USR_23965,mobile,Variant_B_AI_Semantic,caffeine free organic energy drink,25,False,,KDP_SKU_1078,3.0,
EVT_cd8024dd,search_to_cart_added,2026-07-07 08:43:17,SES_5c1805d51d,USR_23965,mobile,Variant_B_AI_Semantic,caffeine free organic energy drink,25,False,,KDP_SKU_1078,3.0,26.18
EVT_32fe53ec,search_query_submitted,2026-07-07 10:34:00,SES_ddfb6aeadc,USR_53914,tablet,Variant_B_AI_Semantic,kcup pods discount,41,False,206.0,,,
EVT_758c147d,search_result_clicked,2026-07-07 10:34:15,SES_ddfb6aeadc,USR_53914,tablet,Variant_B_AI_Semantic,kcup pods discount,41,False,,KDP_SKU_1077,1.0,
EVT_f9790355,search_to_cart_added,2026-07-07 10:34:30,SES_ddfb6aeadc,USR_53914,tablet,Variant_B_AI_Semantic,kcup pods discount,41,False,,KDP_SKU_1077,1.0,46.23
EVT_fa48f062,search_query_submitted,2026-07-07 10:39:00,SES_248b3778c2,USR_59250,desktop,Variant_B_AI_Semantic,espresso pods hazelnut,36,False,164.0,,,
EVT_d2c68f2d,search_result_clicked,2026-07-07 10:39:11,SES_248b3778c2,USR_59250,desktop,Variant_B_AI_Semantic,espresso pods hazelnut,36,False,,KDP_SKU_1005,1.0,
EVT_8a7b2fc8,search_query_submitted,2026-07-07 10:43:00,SES_7350170060,USR_84890,mobile,Variant_B_AI_Semantic,dr pepper zero sugar 12oz,43,False,101.0,,,
EVT_e1b13dd1,search_result_clicked,2026-07-07 10:43:08,SES_7350170060,USR_84890,mobile,Variant_B_AI_Semantic,dr pepper zero sugar 12oz,43,False,,KDP_SKU_1066,3.0,
EVT_70b909ce,search_to_cart_added,2026-07-07 10:43:15,SES_7350170060,USR_84890,mobile,Variant_B_AI_Semantic,dr pepper zero sugar 12oz,43,False,,KDP_SKU_1066,3.0,40.13
EVT_3f09f27e,search_query_submitted,2026-07-07 11:09:00,SES_a26e2fab07,USR_67503,desktop,Control_Keyword,cherry vanilla soda,13,False,550.0,,,
EVT_14f391f6,search_result_clicked,2026-07-07 11:09:11,SES_a26e2fab07,USR_67503,desktop,Control_Keyword,cherry vanilla soda,13,False,,KDP_SKU_1024,8.0,
EVT_da7f4f5a,search_query_submitted,2026-07-07 13:00:00,SES_579a53093e,USR_74598,desktop,Control_Keyword,cherry vanilla soda,23,False,440.0,,,
EVT_27a24179,search_result_clicked,2026-07-07 13:00:14,SES_579a53093e,USR_74598,desktop,Control_Keyword,cherry vanilla soda,23,False,,KDP_SKU_1070,9.0,
EVT_ea93de51,search_to_cart_added,2026-07-07 13:00:19,SES_579a53093e,USR_74598,desktop,Control_Keyword,cherry vanilla soda,23,False,,KDP_SKU_1070,9.0,17.77
EVT_06cf266f,search_query_submitted,2026-07-07 14:28:00,SES_92063593ab,ANONYMOUS_GUEST,tablet,Variant_B_AI_Semantic,cherry vanilla soda,25,False,123.0,,,
EVT_cd7dce50,search_result_clicked,2026-07-07 14:28:05,SES_92063593ab,ANONYMOUS_GUEST,tablet,Variant_B_AI_Semantic,cherry vanilla soda,25,False,,KDP_SKU_1016,2.0,
EVT_fcbed5b6,search_query_submitted,2026-07-07 14:55:00,SES_7a1715d02b,USR_42537,mobile,Variant_B_AI_Semantic,dr pepper zero sugar 12oz,36,False,114.0,,,
EVT_3c262d6f,search_query_submitted,2026-07-07 15:10:00,SES_50fd724052,USR_15357,desktop,Variant_B_AI_Semantic,kcup pods discount,12,False,132.0,,,
EVT_089ca9a1,search_result_clicked,2026-07-07 15:10:13,SES_50fd724052,USR_15357,desktop,Variant_B_AI_Semantic,kcup pods discount,12,False,,KDP_SKU_1020,1.0,
EVT_39c3e57c,search_query_submitted,2026-07-07 15:44:00,SES_0cbe6beab5,USR_59664,tablet,Variant_B_AI_Semantic,dark roast k-cup,13,False,135.0,,,
EVT_338473ab,search_query_submitted,2026-07-07 15:47:00,SES_9fbfe48f28,USR_55224,mobile,Variant_B_AI_Semantic,drpepr zero,8,False,208.0,,,
EVT_308fc8c8,search_result_clicked,2026-07-07 15:47:13,SES_9fbfe48f28,USR_55224,mobile,Variant_B_AI_Semantic,drpepr zero,8,False,,KDP_SKU_1012,3.0,
EVT_d18eb5c1,search_to_cart_added,2026-07-07 15:47:27,SES_9fbfe48f28,USR_55224,mobile,Variant_B_AI_Semantic,drpepr zero,8,False,,KDP_SKU_1012,3.0,28.23
EVT_556d05b7,search_query_submitted,2026-07-07 18:23:00,SES_c914221da0,USR_81620,mobile,Control_Keyword,kcup pods discount,17,False,498.0,,,
EVT_3e58df09,search_query_submitted,2026-07-07 18:28:00,SES_eba1f81318,USR_88997,mobile,Control_Keyword,vanilla flavored coffee,20,False,519.0,,,
EVT_de9ed334,search_result_clicked,2026-07-07 18:28:05,SES_eba1f81318,USR_88997,mobile,Control_Keyword,vanilla flavored coffee,20,False,,KDP_SKU_1072,7.0,
EVT_ac6e2c5c,search_query_submitted,2026-07-07 19:32:00,SES_7b8eb2a544,ANONYMOUS_GUEST,mobile,Variant_B_AI_Semantic,dark roast k-cup,43,False,109.0,,,
EVT_316f6219,search_result_clicked,2026-07-07 19:32:15,SES_7b8eb2a544,ANONYMOUS_GUEST,mobile,Variant_B_AI_Semantic,dark roast k-cup,43,False,,KDP_SKU_1074,3.0,
EVT_ee6ec177,search_to_cart_added,2026-07-07 19:32:21,SES_7b8eb2a544,ANONYMOUS_GUEST,mobile,Variant_B_AI_Semantic,dark roast k-cup,43,False,,KDP_SKU_1074,3.0,19.84
EVT_f187e62c,search_query_submitted,2026-07-07 19:51:00,SES_4db6bb7756,USR_50673,tablet,Control_Keyword,caffeine free organic energy drink,0,True,183.0,,,
EVT_7b24a0fe,search_query_submitted,2026-07-07 20:03:00,SES_e039a12b35,USR_49967,mobile,Control_Keyword,dr pepper zero sugar 12oz,17,False,194.0,,,
EVT_ef12d817,search_query_submitted,2026-07-07 20:17:00,SES_54328c3446,USR_87821,mobile,Control_Keyword,caffeine free organic energy drink,0,True,285.0,,,
EVT_6067f2cb,search_query_submitted,2026-07-07 21:19:00,SES_9c3fe15eb9,USR_43708,desktop,Variant_B_AI_Semantic,kcup pods discount,18,False,153.0,,,
EVT_50e4c257,search_query_submitted,2026-07-07 22:32:00,SES_306c184845,USR_36517,mobile,Control_Keyword,kcup pods discount,6,False,400.0,,,
EVT_d014d0b0,search_query_submitted,2026-07-07 22:47:00,SES_4d25c04b5e,USR_37215,desktop,Variant_B_AI_Semantic,dark roast k-cup,30,False,89.0,,,
EVT_3f4269f9,search_result_clicked,2026-07-07 22:47:07,SES_4d25c04b5e,USR_37215,desktop,Variant_B_AI_Semantic,dark roast k-cup,30,False,,KDP_SKU_1065,3.0,
EVT_7a9ec35d,search_to_cart_added,2026-07-07 22:47:17,SES_4d25c04b5e,USR_37215,desktop,Variant_B_AI_Semantic,dark roast k-cup,30,False,,KDP_SKU_1065,3.0,43.08
EVT_15aabd99,search_query_submitted,2026-07-07 22:56:00,SES_24a24679a5,USR_18888,tablet,Control_Keyword,vanilla flavored coffee,7,False,342.0,,,
EVT_b46e096e,search_query_submitted,2026-07-07 23:57:00,SES_591e855fef,USR_55793,tablet,Variant_B_AI_Semantic,keurig single serve machine,23,False,106.0,,,
EVT_d82f0a9c,search_result_clicked,2026-07-07 23:57:15,SES_591e855fef,USR_55793,tablet,Variant_B_AI_Semantic,keurig single serve machine,23,False,,KDP_SKU_1037,1.0,
EVT_516a10a5,search_query_submitted,2026-07-08 01:52:00,SES_5631d7ca77,USR_91665,mobile,Control_Keyword,vanilla flavored coffee,15,False,256.0,,,
EVT_f66d8eeb,search_query_submitted,2026-07-08 02:18:00,SES_651ea1c8b3,USR_10336,mobile,Variant_B_AI_Semantic,drpepr zero,45,False,205.0,,,
EVT_6a706d2d,search_result_clicked,2026-07-08 02:18:11,SES_651ea1c8b3,USR_10336,mobile,Variant_B_AI_Semantic,drpepr zero,45,False,,KDP_SKU_1054,2.0,
EVT_15b5c565,search_query_submitted,2026-07-08 02:26:00,SES_25da46b9e8,USR_75841,desktop,Control_Keyword,drpepr zero,22,False,504.0,,,
EVT_cb54d364,search_result_clicked,2026-07-08 02:26:07,SES_25da46b9e8,USR_75841,desktop,Control_Keyword,drpepr zero,22,False,,KDP_SKU_1061,1.0,
EVT_052e3c99,search_query_submitted,2026-07-08 03:20:00,SES_1bbe62d782,USR_40907,mobile,Control_Keyword,espresso pods hazelnut,0,True,558.0,,,
EVT_c647e64c,search_query_submitted,2026-07-08 03:21:00,SES_ad5c4dab9c,USR_60523,desktop,Variant_B_AI_Semantic,espresso pods hazelnut,40,False,187.0,,,
EVT_20f4c3c6,search_result_clicked,2026-07-08 03:21:12,SES_ad5c4dab9c,USR_60523,desktop,Variant_B_AI_Semantic,espresso pods hazelnut,40,False,,KDP_SKU_1066,3.0,
EVT_85d73fe8,search_to_cart_added,2026-07-08 03:21:51,SES_ad5c4dab9c,USR_60523,desktop,Variant_B_AI_Semantic,espresso pods hazelnut,40,False,,KDP_SKU_1066,3.0,40.13
EVT_eb58e19c,search_query_submitted,2026-07-08 04:05:00,SES_4a46fe017d,USR_55481,desktop,Variant_B_AI_Semantic,caffeine free organic energy drink,17,False,199.0,,,
EVT_59e28a56,search_result_clicked,2026-07-08 04:05:13,SES_4a46fe017d,USR_55481,desktop,Variant_B_AI_Semantic,caffeine free organic energy drink,17,False,,KDP_SKU_1015,3.0,
EVT_418f4517,search_to_cart_added,2026-07-08 04:05:49,SES_4a46fe017d,USR_55481,desktop,Variant_B_AI_Semantic,caffeine free organic energy drink,17,False,,KDP_SKU_1015,3.0,34.58
EVT_f00b5cd4,search_query_submitted,2026-07-08 04:39:00,SES_43440a48ea,USR_85397,mobile,Variant_B_AI_Semantic,cherry vanilla soda,37,False,208.0,,,
EVT_aa9ec5af,search_result_clicked,2026-07-08 04:39:07,SES_43440a48ea,USR_85397,mobile,Variant_B_AI_Semantic,cherry vanilla soda,37,False,,KDP_SKU_1021,1.0,
EVT_0e543b4b,search_to_cart_added,2026-07-08 04:39:17,SES_43440a48ea,USR_85397,mobile,Variant_B_AI_Semantic,cherry vanilla soda,37,False,,KDP_SKU_1021,1.0,41.45
EVT_0e5a1e69,search_query_submitted,2026-07-08 04:46:00,SES_833132728b,USR_15376,tablet,Variant_B_AI_Semantic,espresso pods hazelnut,38,False,208.0,,,
EVT_76b54566,search_result_clicked,2026-07-08 04:46:14,SES_833132728b,USR_15376,tablet,Variant_B_AI_Semantic,espresso pods hazelnut,38,False,,KDP_SKU_1048,2.0,
EVT_45ba378f,search_to_cart_added,2026-07-08 04:46:30,SES_833132728b,USR_15376,tablet,Variant_B_AI_Semantic,espresso pods hazelnut,38,False,,KDP_SKU_1048,2.0,18.22
EVT_37a36827,search_query_submitted,2026-07-08 04:53:00,SES_8dfc8a006f,USR_83989,tablet,Control_Keyword,snapple peach tea diet,22,False,341.0,,,
EVT_a6c958df,search_result_clicked,2026-07-08 04:53:15,SES_8dfc8a006f,USR_83989,tablet,Control_Keyword,snapple peach tea diet,22,False,,KDP_SKU_1026,5.0,
EVT_d88b3e70,search_to_cart_added,2026-07-08 04:53:23,SES_8dfc8a006f,USR_83989,tablet,Control_Keyword,snapple peach tea diet,22,False,,KDP_SKU_1026,5.0,20.8
EVT_5d0bc4d1,search_query_submitted,2026-07-08 05:04:00,SES_8b64f3f003,USR_44510,mobile,Variant_B_AI_Semantic,espresso pods hazelnut,44,False,95.0,,,
EVT_ca08aac9,search_result_clicked,2026-07-08 05:04:13,SES_8b64f3f003,USR_44510,mobile,Variant_B_AI_Semantic,espresso pods hazelnut,44,False,,KDP_SKU_1079,1.0,
EVT_403ae392,search_to_cart_added,2026-07-08 05:04:52,SES_8b64f3f003,USR_44510,mobile,Variant_B_AI_Semantic,espresso pods hazelnut,44,False,,KDP_SKU_1079,1.0,17.64
EVT_7c84b0f2,search_query_submitted,2026-07-08 07:08:00,SES_0086758045,USR_10845,tablet,Control_Keyword,espresso pods hazelnut,0,True,180.0,,,
EVT_3466aa9a,search_query_submitted,2026-07-08 07:31:00,SES_4cbe89968f,USR_10544,mobile,Control_Keyword,dark roast k-cup,2,False,193.0,,,
EVT_5c9b40d0,search_query_submitted,2026-07-08 08:31:00,SES_53a4211441,USR_57400,mobile,Variant_B_AI_Semantic,caffeine free organic energy drink,39,False,105.0,,,
EVT_8cf7a376,search_result_clicked,2026-07-08 08:31:04,SES_53a4211441,USR_57400,mobile,Variant_B_AI_Semantic,caffeine free organic energy drink,39,False,,KDP_SKU_1004,1.0,
EVT_c46795c2,search_query_submitted,2026-07-08 09:00:00,SES_ba83159e87,USR_88696,desktop,Variant_B_AI_Semantic,drpepr zero,40,False,134.0,,,
EVT_d8295b43,search_query_submitted,2026-07-08 09:00:00,SES_af138768dc,USR_89432,mobile,Variant_B_AI_Semantic,keurig single serve machine,38,False,130.0,,,
EVT_d25b8dde,search_result_clicked,2026-07-08 09:00:08,SES_ba83159e87,USR_88696,desktop,Variant_B_AI_Semantic,drpepr zero,40,False,,KDP_SKU_1050,1.0,
EVT_394921db,search_result_clicked,2026-07-08 09:00:14,SES_af138768dc,USR_89432,mobile,Variant_B_AI_Semantic,keurig single serve machine,38,False,,KDP_SKU_1064,3.0,
EVT_445424ff,search_query_submitted,2026-07-08 09:05:00,SES_d12b88edfe,USR_86544,desktop,Control_Keyword,snapple peach tea diet,16,False,543.0,,,
EVT_034160e3,search_query_submitted,2026-07-08 09:50:00,SES_2102d0614e,USR_62776,desktop,Variant_B_AI_Semantic,dr pepper zero sugar 12oz,8,False,211.0,,,
EVT_ff2d2767,search_result_clicked,2026-07-08 09:50:14,SES_2102d0614e,USR_62776,desktop,Variant_B_AI_Semantic,dr pepper zero sugar 12oz,8,False,,KDP_SKU_1059,3.0,
EVT_77867939,search_to_cart_added,2026-07-08 09:50:59,SES_2102d0614e,USR_62776,desktop,Variant_B_AI_Semantic,dr pepper zero sugar 12oz,8,False,,KDP_SKU_1059,3.0,13.18
EVT_0ba198f5,search_query_submitted,2026-07-08 10:15:00,SES_c95e3b5c33,USR_57131,desktop,Variant_B_AI_Semantic,caffeine free organic energy drink,40,False,190.0,,,
EVT_3a4749b7,search_query_submitted,2026-07-08 11:18:00,SES_d6bcc80219,USR_77264,desktop,Control_Keyword,espresso pods hazelnut,0,True,196.0,,,
EVT_dc87a6f5,search_query_submitted,2026-07-08 11:49:00,SES_93a9596e07,USR_76949,mobile,Variant_B_AI_Semantic,drpepr zero,18,False,174.0,,,
EVT_fe31b3cb,search_result_clicked,2026-07-08 11:49:13,SES_93a9596e07,USR_76949,mobile,Variant_B_AI_Semantic,drpepr zero,18,False,,KDP_SKU_1009,3.0,
EVT_73d7048e,search_query_submitted,2026-07-08 13:14:00,SES_2b1a8f0733,USR_37450,desktop,Control_Keyword,snapple peach tea diet,10,False,362.0,,,
EVT_1842e0a7,search_query_submitted,2026-07-08 13:23:00,SES_d2c3c28efc,ANONYMOUS_GUEST,mobile,Control_Keyword,kcup pods discount,18,False,492.0,,,
EVT_f5b441c2,search_query_submitted,2026-07-08 13:38:00,SES_0f7e8c8258,USR_73499,mobile,Control_Keyword,dark roast k-cup,18,False,585.0,,,
EVT_ae1bfcbb,search_query_submitted,2026-07-08 13:38:00,SES_ec169d30ff,ANONYMOUS_GUEST,desktop,Control_Keyword,keurig single serve machine,22,False,334.0,,,
EVT_68e52707,search_result_clicked,2026-07-08 13:38:12,SES_0f7e8c8258,USR_73499,mobile,Control_Keyword,dark roast k-cup,18,False,,KDP_SKU_1051,9.0,
EVT_fd1cb7db,search_to_cart_added,2026-07-08 13:38:29,SES_0f7e8c8258,USR_73499,mobile,Control_Keyword,dark roast k-cup,18,False,,KDP_SKU_1051,9.0,22.28
EVT_4620212c,search_query_submitted,2026-07-08 15:24:00,SES_7a3f80b791,USR_18444,mobile,Control_Keyword,dr pepper zero sugar 12oz,11,False,510.0,,,
EVT_9ffaf653,search_query_submitted,2026-07-08 15:47:00,SES_d0384d9570,ANONYMOUS_GUEST,tablet,Variant_B_AI_Semantic,dark roast k-cup,20,False,148.0,,,
EVT_ef422629,search_query_submitted,2026-07-08 16:05:00,SES_360bd599c2,USR_29685,mobile,Variant_B_AI_Semantic,caffeine free organic energy drink,10,False,154.0,,,
EVT_9a5c16ae,search_result_clicked,2026-07-08 16:05:04,SES_360bd599c2,USR_29685,mobile,Variant_B_AI_Semantic,caffeine free organic energy drink,10,False,,KDP_SKU_1051,3.0,
EVT_ca18a65f,search_query_submitted,2026-07-08 16:22:00,SES_45acf26dfd,USR_21425,mobile,Variant_B_AI_Semantic,snapple peach tea diet,18,False,155.0,,,
EVT_b8f43b96,search_result_clicked,2026-07-08 16:22:04,SES_45acf26dfd,USR_21425,mobile,Variant_B_AI_Semantic,snapple peach tea diet,18,False,,KDP_SKU_1049,1.0,
EVT_9fb31b17,search_to_cart_added,2026-07-08 16:22:38,SES_45acf26dfd,USR_21425,mobile,Variant_B_AI_Semantic,snapple peach tea diet,18,False,,KDP_SKU_1049,1.0,33.96
EVT_482d3e4e,search_query_submitted,2026-07-08 16:27:00,SES_b3cfed1532,USR_93748,desktop,Control_Keyword,keurig single serve machine,13,False,570.0,,,
EVT_1d73c5d8,search_query_submitted,2026-07-08 17:39:00,SES_c78276f504,USR_59638,mobile,Variant_B_AI_Semantic,vanilla flavored coffee,38,False,137.0,,,
EVT_4431da94,search_query_submitted,2026-07-08 17:52:00,SES_ab020cc8b8,USR_25674,tablet,Variant_B_AI_Semantic,drpepr zero,9,False,146.0,,,
EVT_19b23cbe,search_result_clicked,2026-07-08 17:52:14,SES_ab020cc8b8,USR_25674,tablet,Variant_B_AI_Semantic,drpepr zero,9,False,,KDP_SKU_1022,2.0,
EVT_1ad0bcbe,search_to_cart_added,2026-07-08 17:52:29,SES_ab020cc8b8,USR_25674,tablet,Variant_B_AI_Semantic,drpepr zero,9,False,,KDP_SKU_1022,2.0,36.71
EVT_436e945d,search_query_submitted,2026-07-08 18:47:00,SES_fc6d1f06e1,USR_17094,tablet,Control_Keyword,dr pepper zero sugar 12oz,16,False,515.0,,,
EVT_2bce4df4,search_result_clicked,2026-07-08 18:47:07,SES_fc6d1f06e1,USR_17094,tablet,Control_Keyword,dr pepper zero sugar 12oz,16,False,,KDP_SKU_1056,8.0,
EVT_d2144d37,search_query_submitted,2026-07-08 19:18:00,SES_c5ba55a6d6,USR_48270,mobile,Control_Keyword,vanilla flavored coffee,3,False,639.0,,,
EVT_7c4c40d6,search_query_submitted,2026-07-08 19:31:00,SES_f588f9c4ea,ANONYMOUS_GUEST,desktop,Control_Keyword,snapple peach tea diet,22,False,235.0,,,
EVT_1c129dbb,search_query_submitted,2026-07-08 19:49:00,SES_3f7bce6585,USR_40982,mobile,Variant_B_AI_Semantic,caffeine free organic energy drink,33,False,95.0,,,
EVT_b3efecbb,search_query_submitted,2026-07-08 20:56:00,SES_049579550d,USR_46842,desktop,Control_Keyword,drpepr zero,20,False,339.0,,,
EVT_7be11100,search_query_submitted,2026-07-08 21:25:00,SES_65e13e5a65,ANONYMOUS_GUEST,desktop,Control_Keyword,cherry vanilla soda,24,False,459.0,,,
EVT_25e4bc2d,search_result_clicked,2026-07-08 21:25:06,SES_65e13e5a65,ANONYMOUS_GUEST,desktop,Control_Keyword,cherry vanilla soda,24,False,,KDP_SKU_1058,4.0,
EVT_efd096c2,search_query_submitted,2026-07-08 22:10:00,SES_254b4539db,USR_60556,mobile,Control_Keyword,cherry vanilla soda,22,False,633.0,,,
EVT_1be298c7,search_query_submitted,2026-07-08 22:22:00,SES_a4e5406018,USR_31473,mobile,Variant_B_AI_Semantic,kcup pods discount,41,False,146.0,,,
EVT_68bdc59e,search_query_submitted,2026-07-08 22:48:00,SES_ba9eb606b8,USR_38545,desktop,Control_Keyword,cherry vanilla soda,12,False,187.0,,,
EVT_fa9384ba,search_query_submitted,2026-07-08 22:57:00,SES_b1a9bb9d58,USR_85230,mobile,Control_Keyword,snapple peach tea diet,11,False,328.0,,,
EVT_b3242af7,search_query_submitted,2026-07-08 23:11:00,SES_00f8990226,USR_88753,tablet,Variant_B_AI_Semantic,keurig single serve machine,40,False,147.0,,,
EVT_9fbb9ae8,search_result_clicked,2026-07-08 23:11:12,SES_00f8990226,USR_88753,tablet,Variant_B_AI_Semantic,keurig single serve machine,40,False,,KDP_SKU_1076,2.0,
EVT_1e8752ae,search_query_submitted,2026-07-08 23:22:00,SES_c7825fa4de,USR_35185,desktop,Control_Keyword,espresso pods hazelnut,5,False,588.0,,,
EVT_3a9add62,search_result_clicked,2026-07-08 23:22:04,SES_c7825fa4de,USR_35185,desktop,Control_Keyword,espresso pods hazelnut,5,False,,KDP_SKU_1064,9.0,
EVT_806bb5ad,search_query_submitted,2026-07-09 01:20:00,SES_741d4ef76e,USR_95813,mobile,Variant_B_AI_Semantic,caffeine free organic energy drink,40,False,201.0,,,
EVT_9f3a7f7c,search_result_clicked,2026-07-09 01:20:13,SES_741d4ef76e,USR_95813,mobile,Variant_B_AI_Semantic,caffeine free organic energy drink,40,False,,KDP_SKU_1054,3.0,
EVT_282a234d,search_query_submitted,2026-07-09 01:40:00,SES_f8ad0f2ef7,USR_80075,mobile,Control_Keyword,snapple peach tea diet,18,False,333.0,,,
EVT_ae87dc01,search_query_submitted,2026-07-09 01:48:00,SES_a794e668f4,ANONYMOUS_GUEST,mobile,Variant_B_AI_Semantic,vanilla flavored coffee,12,False,167.0,,,
EVT_417052b8,search_result_clicked,2026-07-09 01:48:11,SES_a794e668f4,ANONYMOUS_GUEST,mobile,Variant_B_AI_Semantic,vanilla flavored coffee,12,False,,KDP_SKU_1034,1.0,
EVT_f04605fc,search_query_submitted,2026-07-09 02:31:00,SES_e96f243209,USR_66669,desktop,Variant_B_AI_Semantic,keurig single serve machine,17,False,141.0,,,
EVT_deef3cc5,search_query_submitted,2026-07-09 02:59:00,SES_2bdf5dae44,USR_22245,desktop,Control_Keyword,drpepr zero,20,False,258.0,,,
EVT_6c23ed6a,search_query_submitted,2026-07-09 03:34:00,SES_e7e702072f,USR_81888,mobile,Variant_B_AI_Semantic,drpepr zero,16,False,158.0,,,
EVT_f535d612,search_result_clicked,2026-07-09 03:34:07,SES_e7e702072f,USR_81888,mobile,Variant_B_AI_Semantic,drpepr zero,16,False,,KDP_SKU_1083,2.0,
EVT_20f25c4b,search_query_submitted,2026-07-09 03:40:00,SES_de10eb7717,USR_78733,desktop,Variant_B_AI_Semantic,snapple peach tea diet,41,False,82.0,,,
EVT_947311f5,search_query_submitted,2026-07-09 03:43:00,SES_95660de1fb,USR_93904,desktop,Variant_B_AI_Semantic,cherry vanilla soda,9,False,163.0,,,
EVT_fa72097d,search_result_clicked,2026-07-09 03:43:08,SES_95660de1fb,USR_93904,desktop,Variant_B_AI_Semantic,cherry vanilla soda,9,False,,KDP_SKU_1046,3.0,
EVT_234a3ede,search_to_cart_added,2026-07-09 03:43:19,SES_95660de1fb,USR_93904,desktop,Variant_B_AI_Semantic,cherry vanilla soda,9,False,,KDP_SKU_1046,3.0,16.23
EVT_c3c5f203,search_query_submitted,2026-07-09 05:03:00,SES_c3947e6cb5,USR_67062,mobile,Control_Keyword,kcup pods discount,24,False,300.0,,,
EVT_29a3c5a4,search_result_clicked,2026-07-09 05:03:10,SES_c3947e6cb5,USR_67062,mobile,Control_Keyword,kcup pods discount,24,False,,KDP_SKU_1066,10.0,
EVT_b5fc5fbb,search_to_cart_added,2026-07-09 05:03:53,SES_c3947e6cb5,USR_67062,mobile,Control_Keyword,kcup pods discount,24,False,,KDP_SKU_1066,10.0,40.13
EVT_772815db,search_query_submitted,2026-07-09 05:16:00,SES_291c3368a2,USR_91506,tablet,Variant_B_AI_Semantic,vanilla flavored coffee,38,False,113.0,,,
EVT_68a8b3bc,search_result_clicked,2026-07-09 05:16:15,SES_291c3368a2,USR_91506,tablet,Variant_B_AI_Semantic,vanilla flavored coffee,38,False,,KDP_SKU_1065,1.0,
EVT_412cf042,search_to_cart_added,2026-07-09 05:16:51,SES_291c3368a2,USR_91506,tablet,Variant_B_AI_Semantic,vanilla flavored coffee,38,False,,KDP_SKU_1065,1.0,43.08
EVT_90a47eb2,search_query_submitted,2026-07-09 05:54:00,SES_6bacc459d2,USR_61936,tablet,Control_Keyword,dr pepper zero sugar 12oz,10,False,599.0,,,
EVT_d40aa8ab,search_query_submitted,2026-07-09 06:16:00,SES_82d3d34a9c,USR_52284,desktop,Variant_B_AI_Semantic,cherry vanilla soda,39,False,161.0,,,
EVT_401f437c,search_result_clicked,2026-07-09 06:16:15,SES_82d3d34a9c,USR_52284,desktop,Variant_B_AI_Semantic,cherry vanilla soda,39,False,,KDP_SKU_1016,3.0,
EVT_7cc80b68,search_to_cart_added,2026-07-09 06:16:57,SES_82d3d34a9c,USR_52284,desktop,Variant_B_AI_Semantic,cherry vanilla soda,39,False,,KDP_SKU_1016,3.0,29.97
EVT_b13c19c3,search_query_submitted,2026-07-09 06:19:00,SES_a3936a5d77,USR_56955,desktop,Control_Keyword,drpepr zero,12,False,188.0,,,
EVT_c89608c4,search_result_clicked,2026-07-09 06:19:11,SES_a3936a5d77,USR_56955,desktop,Control_Keyword,drpepr zero,12,False,,KDP_SKU_1057,7.0,
EVT_a82367af,search_to_cart_added,2026-07-09 06:19:20,SES_a3936a5d77,USR_56955,desktop,Control_Keyword,drpepr zero,12,False,,KDP_SKU_1057,7.0,13.52
EVT_f2809bea,search_query_submitted,2026-07-09 06:35:00,SES_6d9755de31,USR_88116,desktop,Variant_B_AI_Semantic,keurig single serve machine,42,False,144.0,,,
EVT_9377443f,search_query_submitted,2026-07-09 07:56:00,SES_02264273fe,USR_22838,desktop,Variant_B_AI_Semantic,cherry vanilla soda,14,False,111.0,,,
EVT_b3e8da5b,search_query_submitted,2026-07-09 09:50:00,SES_873449ffaa,ANONYMOUS_GUEST,desktop,Control_Keyword,keurig single serve machine,12,False,547.0,,,
EVT_7e33ad03,search_query_submitted,2026-07-09 10:07:00,SES_cc8d7309c7,USR_33646,desktop,Control_Keyword,dr pepper zero sugar 12oz,7,False,633.0,,,
EVT_d60ac159,search_query_submitted,2026-07-09 10:54:00,SES_82de5b81e3,USR_44690,desktop,Variant_B_AI_Semantic,caffeine free organic energy drink,20,False,180.0,,,
EVT_a3cca5ea,search_result_clicked,2026-07-09 10:54:15,SES_82de5b81e3,USR_44690,desktop,Variant_B_AI_Semantic,caffeine free organic energy drink,20,False,,KDP_SKU_1052,3.0,
EVT_ca82fa69,search_query_submitted,2026-07-09 11:00:00,SES_07cf533cd4,USR_47237,mobile,Variant_B_AI_Semantic,keurig single serve machine,29,False,142.0,,,
EVT_8f7864ef,search_result_clicked,2026-07-09 11:00:04,SES_07cf533cd4,USR_47237,mobile,Variant_B_AI_Semantic,keurig single serve machine,29,False,,KDP_SKU_1074,2.0,
EVT_d935386f,search_to_cart_added,2026-07-09 11:00:17,SES_07cf533cd4,USR_47237,mobile,Variant_B_AI_Semantic,keurig single serve machine,29,False,,KDP_SKU_1074,2.0,19.84
EVT_e3ca6186,search_query_submitted,2026-07-09 11:40:00,SES_46863ee9ee,USR_90482,tablet,Control_Keyword,keurig single serve machine,16,False,261.0,,,
EVT_ebbe0f18,search_query_submitted,2026-07-09 11:54:00,SES_2637561d18,ANONYMOUS_GUEST,mobile,Variant_B_AI_Semantic,kcup pods discount,44,False,88.0,,,
EVT_719a9fea,search_result_clicked,2026-07-09 11:54:12,SES_2637561d18,ANONYMOUS_GUEST,mobile,Variant_B_AI_Semantic,kcup pods discount,44,False,,KDP_SKU_1075,1.0,
EVT_03052db1,search_to_cart_added,2026-07-09 11:54:42,SES_2637561d18,ANONYMOUS_GUEST,mobile,Variant_B_AI_Semantic,kcup pods discount,44,False,,KDP_SKU_1075,1.0,34.83
EVT_4e9d8581,search_query_submitted,2026-07-09 11:55:00,SES_6eb0df3748,USR_61733,desktop,Control_Keyword,kcup pods discount,3,False,477.0,,,
EVT_d21c842e,search_result_clicked,2026-07-09 11:55:10,SES_6eb0df3748,USR_61733,desktop,Control_Keyword,kcup pods discount,3,False,,KDP_SKU_1051,6.0,
EVT_f4c83964,search_to_cart_added,2026-07-09 11:55:35,SES_6eb0df3748,USR_61733,desktop,Control_Keyword,kcup pods discount,3,False,,KDP_SKU_1051,6.0,22.28
EVT_b4088be3,search_query_submitted,2026-07-09 11:58:00,SES_e96d9350fd,USR_59300,desktop,Control_Keyword,caffeine free organic energy drink,0,True,183.0,,,
EVT_ec5bafd8,search_query_submitted,2026-07-09 12:23:00,SES_fbf3b1d502,USR_94180,mobile,Control_Keyword,drpepr zero,15,False,499.0,,,
EVT_60d75da9,search_result_clicked,2026-07-09 12:23:09,SES_fbf3b1d502,USR_94180,mobile,Control_Keyword,drpepr zero,15,False,,KDP_SKU_1084,8.0,
EVT_2e4129ad,search_query_submitted,2026-07-09 14:21:00,SES_f6b69ee887,USR_17345,mobile,Variant_B_AI_Semantic,vanilla flavored coffee,42,False,200.0,,,
EVT_4a6388c1,search_query_submitted,2026-07-09 14:40:00,SES_1f26c931b9,USR_52936,desktop,Control_Keyword,vanilla flavored coffee,15,False,368.0,,,
EVT_ee537098,search_result_clicked,2026-07-09 14:40:06,SES_1f26c931b9,USR_52936,desktop,Control_Keyword,vanilla flavored coffee,15,False,,KDP_SKU_1068,10.0,
EVT_63aa5cc0,search_to_cart_added,2026-07-09 14:40:12,SES_1f26c931b9,USR_52936,desktop,Control_Keyword,vanilla flavored coffee,15,False,,KDP_SKU_1068,10.0,7.4
EVT_c06171cf,search_query_submitted,2026-07-09 15:38:00,SES_fd0b9ce025,USR_54825,desktop,Variant_B_AI_Semantic,caffeine free organic energy drink,21,False,148.0,,,
EVT_d7827572,search_query_submitted,2026-07-09 16:50:00,SES_d7014a8fb4,USR_51777,mobile,Control_Keyword,keurig single serve machine,11,False,372.0,,,
EVT_28c8a68b,search_result_clicked,2026-07-09 16:50:07,SES_d7014a8fb4,USR_51777,mobile,Control_Keyword,keurig single serve machine,11,False,,KDP_SKU_1065,4.0,
EVT_71b746a3,search_query_submitted,2026-07-09 18:12:00,SES_af394f5f83,USR_38051,tablet,Control_Keyword,caffeine free organic energy drink,0,True,481.0,,,
EVT_cfccaab1,search_query_submitted,2026-07-09 19:33:00,SES_edd9a686d2,USR_83801,desktop,Control_Keyword,cherry vanilla soda,13,False,494.0,,,
EVT_5b502ff3,search_result_clicked,2026-07-09 19:33:11,SES_edd9a686d2,USR_83801,desktop,Control_Keyword,cherry vanilla soda,13,False,,KDP_SKU_1057,1.0,
EVT_6fae1ad1,search_query_submitted,2026-07-09 21:20:00,SES_f659158c2c,USR_99737,tablet,Variant_B_AI_Semantic,kcup pods discount,25,False,185.0,,,
EVT_bdc079c1,search_result_clicked,2026-07-09 21:20:04,SES_f659158c2c,USR_99737,tablet,Variant_B_AI_Semantic,kcup pods discount,25,False,,KDP_SKU_1028,2.0,
EVT_0e88ceff,search_query_submitted,2026-07-09 21:48:00,SES_0cc7c09a19,USR_66841,desktop,Control_Keyword,snapple peach tea diet,17,False,363.0,,,
EVT_b32cf68d,search_query_submitted,2026-07-09 22:50:00,SES_7b2a437f6f,USR_66532,tablet,Control_Keyword,espresso pods hazelnut,11,False,552.0,,,
EVT_076d16a0,search_result_clicked,2026-07-09 22:50:03,SES_7b2a437f6f,USR_66532,tablet,Control_Keyword,espresso pods hazelnut,11,False,,KDP_SKU_1043,3.0,
EVT_2d1a1d74,search_query_submitted,2026-07-09 23:25:00,SES_0178f6ca1d,USR_69638,tablet,Variant_B_AI_Semantic,kcup pods discount,39,False,119.0,,,
EVT_829594e2,search_query_submitted,2026-07-10 00:37:00,SES_9491ccaaff,USR_48005,desktop,Control_Keyword,kcup pods discount,3,False,376.0,,,
EVT_993339bc,search_result_clicked,2026-07-10 00:37:13,SES_9491ccaaff,USR_48005,desktop,Control_Keyword,kcup pods discount,3,False,,KDP_SKU_1004,2.0,
EVT_26ed306b,search_query_submitted,2026-07-10 01:13:00,SES_5055518c57,ANONYMOUS_GUEST,desktop,Control_Keyword,kcup pods discount,8,False,546.0,,,
EVT_9f4aad92,search_result_clicked,2026-07-10 01:13:03,SES_5055518c57,ANONYMOUS_GUEST,desktop,Control_Keyword,kcup pods discount,8,False,,KDP_SKU_1050,9.0,
EVT_28a74d72,search_query_submitted,2026-07-10 01:38:00,SES_abb09047b0,USR_33496,desktop,Variant_B_AI_Semantic,kcup pods discount,17,False,141.0,,,
EVT_44403511,search_result_clicked,2026-07-10 01:38:07,SES_abb09047b0,USR_33496,desktop,Variant_B_AI_Semantic,kcup pods discount,17,False,,KDP_SKU_1007,2.0,
EVT_fa88d91d,search_query_submitted,2026-07-10 02:14:00,SES_13b9ab4389,USR_98575,mobile,Control_Keyword,kcup pods discount,12,False,480.0,,,
EVT_b3ceade1,search_result_clicked,2026-07-10 02:14:12,SES_13b9ab4389,USR_98575,mobile,Control_Keyword,kcup pods discount,12,False,,KDP_SKU_1013,2.0,
EVT_9d85f669,search_query_submitted,2026-07-10 02:30:00,SES_28587c64c9,USR_91300,mobile,Variant_B_AI_Semantic,keurig single serve machine,18,False,134.0,,,
EVT_dca06d7e,search_result_clicked,2026-07-10 02:30:09,SES_28587c64c9,USR_91300,mobile,Variant_B_AI_Semantic,keurig single serve machine,18,False,,KDP_SKU_1003,3.0,
EVT_03a2b90b,search_to_cart_added,2026-07-10 02:30:54,SES_28587c64c9,USR_91300,mobile,Variant_B_AI_Semantic,keurig single serve machine,18,False,,KDP_SKU_1003,3.0,18.09
EVT_f77d0a28,search_query_submitted,2026-07-10 02:52:00,SES_15fc9134a6,USR_82285,mobile,Control_Keyword,caffeine free organic energy drink,0,True,384.0,,,
EVT_a712a110,search_query_submitted,2026-07-10 03:49:00,SES_49c97dc9ed,ANONYMOUS_GUEST,desktop,Variant_B_AI_Semantic,dark roast k-cup,32,False,188.0,,,
EVT_4c79f526,search_result_clicked,2026-07-10 03:49:07,SES_49c97dc9ed,ANONYMOUS_GUEST,desktop,Variant_B_AI_Semantic,dark roast k-cup,32,False,,KDP_SKU_1069,3.0,
EVT_6f0bf4ee,search_query_submitted,2026-07-10 04:08:00,SES_0c7e11710c,USR_15089,desktop,Control_Keyword,cherry vanilla soda,20,False,263.0,,,
EVT_200f2f3f,search_query_submitted,2026-07-10 05:36:00,SES_23f0d9f2af,USR_65134,mobile,Variant_B_AI_Semantic,kcup pods discount,32,False,109.0,,,
EVT_c9916fdb,search_query_submitted,2026-07-10 07:15:00,SES_3bb50be7ca,USR_85674,tablet,Variant_B_AI_Semantic,keurig single serve machine,31,False,163.0,,,
EVT_731a9b27,search_result_clicked,2026-07-10 07:15:11,SES_3bb50be7ca,USR_85674,tablet,Variant_B_AI_Semantic,keurig single serve machine,31,False,,KDP_SKU_1014,2.0,
EVT_2f5ccde3,search_query_submitted,2026-07-10 07:59:00,SES_501d104474,USR_21015,mobile,Control_Keyword,vanilla flavored coffee,2,False,213.0,,,
EVT_82712822,search_result_clicked,2026-07-10 07:59:04,SES_501d104474,USR_21015,mobile,Control_Keyword,vanilla flavored coffee,2,False,,KDP_SKU_1078,3.0,
EVT_ed114ac8,search_query_submitted,2026-07-10 08:04:00,SES_3d988efab2,USR_19329,mobile,Control_Keyword,drpepr zero,23,False,591.0,,,
EVT_c5501771,search_query_submitted,2026-07-10 08:55:00,SES_c8ebad38ac,USR_17044,mobile,Variant_B_AI_Semantic,snapple peach tea diet,27,False,122.0,,,
EVT_5449c9fd,search_result_clicked,2026-07-10 08:55:11,SES_c8ebad38ac,USR_17044,mobile,Variant_B_AI_Semantic,snapple peach tea diet,27,False,,KDP_SKU_1011,2.0,
EVT_41df37cb,search_query_submitted,2026-07-10 09:52:00,SES_7e7941f0ff,USR_70929,desktop,Variant_B_AI_Semantic,vanilla flavored coffee,33,False,190.0,,,
EVT_97037cfb,search_result_clicked,2026-07-10 09:52:12,SES_7e7941f0ff,USR_70929,desktop,Variant_B_AI_Semantic,vanilla flavored coffee,33,False,,KDP_SKU_1022,2.0,
EVT_50e6bcb8,search_query_submitted,2026-07-10 11:12:00,SES_b4f968cdd2,USR_96969,mobile,Control_Keyword,keurig single serve machine,3,False,325.0,,,
EVT_0c5d3e67,search_query_submitted,2026-07-10 11:31:00,SES_cc57eb2bf4,USR_93584,mobile,Variant_B_AI_Semantic,kcup pods discount,22,False,111.0,,,
EVT_8630bbbf,search_result_clicked,2026-07-10 11:31:03,SES_cc57eb2bf4,USR_93584,mobile,Variant_B_AI_Semantic,kcup pods discount,22,False,,KDP_SKU_1041,2.0,
EVT_738f351c,search_to_cart_added,2026-07-10 11:31:44,SES_cc57eb2bf4,USR_93584,mobile,Variant_B_AI_Semantic,kcup pods discount,22,False,,KDP_SKU_1041,2.0,36.99
EVT_7255da7a,search_query_submitted,2026-07-10 13:28:00,SES_750b7bf705,USR_75404,desktop,Control_Keyword,espresso pods hazelnut,8,False,297.0,,,
EVT_e9ff2e5b,search_query_submitted,2026-07-10 14:13:00,SES_2dbfe0eba1,USR_49926,mobile,Control_Keyword,vanilla flavored coffee,22,False,436.0,,,
EVT_522345ed,search_result_clicked,2026-07-10 14:13:05,SES_2dbfe0eba1,USR_49926,mobile,Control_Keyword,vanilla flavored coffee,22,False,,KDP_SKU_1078,9.0,
EVT_d1d6908f,search_query_submitted,2026-07-10 14:50:00,SES_2f33cedd68,ANONYMOUS_GUEST,mobile,Variant_B_AI_Semantic,cherry vanilla soda,38,False,198.0,,,
EVT_deff4c0e,search_result_clicked,2026-07-10 14:50:08,SES_2f33cedd68,ANONYMOUS_GUEST,mobile,Variant_B_AI_Semantic,cherry vanilla soda,38,False,,KDP_SKU_1069,3.0,
EVT_c5ebcdc5,search_query_submitted,2026-07-10 15:22:00,SES_286c8fa9ae,USR_25376,mobile,Control_Keyword,espresso pods hazelnut,0,True,540.0,,,
EVT_ee4e71ea,search_query_submitted,2026-07-10 16:07:00,SES_46985cd0d6,USR_28781,desktop,Control_Keyword,kcup pods discount,23,False,247.0,,,
EVT_9963fcb9,search_result_clicked,2026-07-10 16:07:04,SES_46985cd0d6,USR_28781,desktop,Control_Keyword,kcup pods discount,23,False,,KDP_SKU_1020,9.0,
EVT_cec7dfbe,search_to_cart_added,2026-07-10 16:07:11,SES_46985cd0d6,USR_28781,desktop,Control_Keyword,kcup pods discount,23,False,,KDP_SKU_1020,9.0,6.28
EVT_b738d680,search_query_submitted,2026-07-10 16:15:00,SES_b935562ea6,USR_40182,desktop,Variant_B_AI_Semantic,espresso pods hazelnut,29,False,176.0,,,
EVT_a7f25d58,search_query_submitted,2026-07-10 16:46:00,SES_12d41cd141,USR_68926,mobile,Control_Keyword,dark roast k-cup,24,False,289.0,,,
EVT_e727106d,search_query_submitted,2026-07-10 16:48:00,SES_a5bf14de7d,USR_47808,desktop,Control_Keyword,snapple peach tea diet,12,False,304.0,,,
EVT_af206384,search_query_submitted,2026-07-10 18:19:00,SES_1651653d14,USR_74853,tablet,Variant_B_AI_Semantic,cherry vanilla soda,45,False,89.0,,,
EVT_026bcc51,search_result_clicked,2026-07-10 18:19:09,SES_1651653d14,USR_74853,tablet,Variant_B_AI_Semantic,cherry vanilla soda,45,False,,KDP_SKU_1007,1.0,
EVT_364825a7,search_to_cart_added,2026-07-10 18:19:41,SES_1651653d14,USR_74853,tablet,Variant_B_AI_Semantic,cherry vanilla soda,45,False,,KDP_SKU_1007,1.0,45.25
EVT_5ace8b4e,search_query_submitted,2026-07-10 18:57:00,SES_437c055229,USR_64289,tablet,Variant_B_AI_Semantic,drpepr zero,13,False,116.0,,,
EVT_36114840,search_query_submitted,2026-07-10 20:09:00,SES_98ed26b386,USR_34662,tablet,Control_Keyword,kcup pods discount,8,False,425.0,,,
EVT_c8865b63,search_result_clicked,2026-07-10 20:09:06,SES_98ed26b386,USR_34662,tablet,Control_Keyword,kcup pods discount,8,False,,KDP_SKU_1052,1.0,
EVT_e5557446,search_query_submitted,2026-07-10 22:10:00,SES_dd55ba4787,USR_28264,desktop,Variant_B_AI_Semantic,kcup pods discount,34,False,142.0,,,
EVT_91d3cb24,search_result_clicked,2026-07-10 22:10:04,SES_dd55ba4787,USR_28264,desktop,Variant_B_AI_Semantic,kcup pods discount,34,False,,KDP_SKU_1010,1.0,
EVT_aa98172d,search_query_submitted,2026-07-10 22:32:00,SES_96fcfd5f1b,USR_18002,desktop,Variant_B_AI_Semantic,drpepr zero,10,False,104.0,,,
EVT_5a9f8da8,search_result_clicked,2026-07-10 22:32:11,SES_96fcfd5f1b,USR_18002,desktop,Variant_B_AI_Semantic,drpepr zero,10,False,,KDP_SKU_1045,3.0,
EVT_4ec542cd,search_query_submitted,2026-07-11 00:49:00,SES_6f6ffc849e,USR_11220,tablet,Variant_B_AI_Semantic,vanilla flavored coffee,12,False,217.0,,,
EVT_b08f4b32,search_result_clicked,2026-07-11 00:49:04,SES_6f6ffc849e,USR_11220,tablet,Variant_B_AI_Semantic,vanilla flavored coffee,12,False,,KDP_SKU_1027,2.0,
EVT_fed163e2,search_query_submitted,2026-07-11 02:14:00,SES_c77d2350dc,USR_96413,desktop,Variant_B_AI_Semantic,caffeine free organic energy drink,18,False,105.0,,,
EVT_c4f7c1b3,search_query_submitted,2026-07-11 02:51:00,SES_8f589ea477,USR_24996,tablet,Control_Keyword,kcup pods discount,25,False,623.0,,,
EVT_5aa6ad61,search_query_submitted,2026-07-11 03:28:00,SES_5511d70bd5,USR_63636,tablet,Variant_B_AI_Semantic,espresso pods hazelnut,0,True,180.0,,,
EVT_f58df43f,search_query_submitted,2026-07-11 04:24:00,SES_e4731ef196,USR_82450,desktop,Control_Keyword,cherry vanilla soda,18,False,430.0,,,
EVT_69ae79fd,search_query_submitted,2026-07-11 04:49:00,SES_6459029eae,USR_13106,desktop,Control_Keyword,drpepr zero,23,False,637.0,,,
EVT_6c78a4e6,search_query_submitted,2026-07-11 05:18:00,SES_b5ef05a26d,USR_30700,tablet,Variant_B_AI_Semantic,kcup pods discount,26,False,97.0,,,
EVT_21abd319,search_result_clicked,2026-07-11 05:18:04,SES_b5ef05a26d,USR_30700,tablet,Variant_B_AI_Semantic,kcup pods discount,26,False,,KDP_SKU_1053,3.0,
EVT_6b4e1330,search_query_submitted,2026-07-11 06:20:00,SES_239a33c363,USR_94245,mobile,Variant_B_AI_Semantic,snapple peach tea diet,37,False,144.0,,,
EVT_5b57100f,search_result_clicked,2026-07-11 06:20:09,SES_239a33c363,USR_94245,mobile,Variant_B_AI_Semantic,snapple peach tea diet,37,False,,KDP_SKU_1057,3.0,
EVT_96cec9be,search_query_submitted,2026-07-11 07:06:00,SES_b54c38d1b6,USR_61814,mobile,Variant_B_AI_Semantic,snapple peach tea diet,17,False,155.0,,,
EVT_0f058d85,search_result_clicked,2026-07-11 07:06:07,SES_b54c38d1b6,USR_61814,mobile,Variant_B_AI_Semantic,snapple peach tea diet,17,False,,KDP_SKU_1067,3.0,
EVT_31b82979,search_to_cart_added,2026-07-11 07:06:14,SES_b54c38d1b6,USR_61814,mobile,Variant_B_AI_Semantic,snapple peach tea diet,17,False,,KDP_SKU_1067,3.0,16.07
EVT_d5f18b3e,search_query_submitted,2026-07-11 07:12:00,SES_8d1f4d0612,USR_89482,mobile,Control_Keyword,espresso pods hazelnut,0,True,360.0,,,
EVT_1e45194a,search_query_submitted,2026-07-11 08:02:00,SES_bcc668a7d5,USR_57826,desktop,Variant_B_AI_Semantic,dark roast k-cup,28,False,115.0,,,
EVT_2d448b46,search_result_clicked,2026-07-11 08:02:06,SES_bcc668a7d5,USR_57826,desktop,Variant_B_AI_Semantic,dark roast k-cup,28,False,,KDP_SKU_1051,2.0,
EVT_95506dea,search_query_submitted,2026-07-11 08:10:00,SES_6d92575a74,USR_91293,mobile,Control_Keyword,cherry vanilla soda,14,False,231.0,,,
EVT_022b560a,search_query_submitted,2026-07-11 08:39:00,SES_10c3304c50,USR_69695,tablet,Control_Keyword,kcup pods discount,10,False,335.0,,,
EVT_959d76b5,search_result_clicked,2026-07-11 08:39:05,SES_10c3304c50,USR_69695,tablet,Control_Keyword,kcup pods discount,10,False,,KDP_SKU_1021,2.0,
EVT_25a49138,search_to_cart_added,2026-07-11 08:39:44,SES_10c3304c50,USR_69695,tablet,Control_Keyword,kcup pods discount,10,False,,KDP_SKU_1021,2.0,41.45
EVT_1d9a490e,search_query_submitted,2026-07-11 09:57:00,SES_aca80fbb33,USR_51462,desktop,Control_Keyword,dark roast k-cup,12,False,306.0,,,
EVT_b7c54908,search_query_submitted,2026-07-11 10:00:00,SES_04f95efdb5,USR_87184,desktop,Variant_B_AI_Semantic,cherry vanilla soda,27,False,166.0,,,
EVT_ba648cfb,search_result_clicked,2026-07-11 10:00:13,SES_04f95efdb5,USR_87184,desktop,Variant_B_AI_Semantic,cherry vanilla soda,27,False,,KDP_SKU_1014,3.0,
EVT_dd9e189b,search_to_cart_added,2026-07-11 10:00:50,SES_04f95efdb5,USR_87184,desktop,Variant_B_AI_Semantic,cherry vanilla soda,27,False,,KDP_SKU_1014,3.0,14.74
EVT_ed817347,search_query_submitted,2026-07-11 10:21:00,SES_31745c3102,USR_88087,desktop,Variant_B_AI_Semantic,dr pepper zero sugar 12oz,8,False,156.0,,,
EVT_76b9079c,search_result_clicked,2026-07-11 10:21:07,SES_31745c3102,USR_88087,desktop,Variant_B_AI_Semantic,dr pepper zero sugar 12oz,8,False,,KDP_SKU_1006,3.0,
EVT_f3b66b20,search_query_submitted,2026-07-11 10:55:00,SES_0f57433d32,USR_66113,desktop,Control_Keyword,espresso pods hazelnut,0,True,476.0,,,
EVT_cd770ff9,search_query_submitted,2026-07-11 11:37:00,SES_03155447bd,USR_23801,desktop,Variant_B_AI_Semantic,drpepr zero,33,False,98.0,,,
EVT_e0dc9673,search_result_clicked,2026-07-11 11:37:08,SES_03155447bd,USR_23801,desktop,Variant_B_AI_Semantic,drpepr zero,33,False,,KDP_SKU_1020,1.0,
EVT_514d9bdf,search_query_submitted,2026-07-11 12:10:00,SES_3237cd8678,ANONYMOUS_GUEST,desktop,Variant_B_AI_Semantic,kcup pods discount,39,False,114.0,,,
EVT_d780f316,search_result_clicked,2026-07-11 12:10:07,SES_3237cd8678,ANONYMOUS_GUEST,desktop,Variant_B_AI_Semantic,kcup pods discount,39,False,,KDP_SKU_1039,1.0,
EVT_43a87484,search_query_submitted,2026-07-11 12:27:00,SES_4136374e54,USR_97225,tablet,Variant_B_AI_Semantic,caffeine free organic energy drink,0,True,165.0,,,
EVT_86948671,search_query_submitted,2026-07-11 12:35:00,SES_a1814ef46a,USR_70810,tablet,Variant_B_AI_Semantic,cherry vanilla soda,8,False,175.0,,,
EVT_80a436b7,search_result_clicked,2026-07-11 12:35:07,SES_a1814ef46a,USR_70810,tablet,Variant_B_AI_Semantic,cherry vanilla soda,8,False,,KDP_SKU_1016,3.0,
EVT_d7352d78,search_to_cart_added,2026-07-11 12:35:38,SES_a1814ef46a,USR_70810,tablet,Variant_B_AI_Semantic,cherry vanilla soda,8,False,,KDP_SKU_1016,3.0,29.97
EVT_9b5d99a2,search_query_submitted,2026-07-11 13:41:00,SES_ccaa04e05d,USR_11520,desktop,Variant_B_AI_Semantic,vanilla flavored coffee,39,False,210.0,,,
EVT_d10824cc,search_query_submitted,2026-07-11 14:14:00,SES_432d981ab1,USR_86037,tablet,Control_Keyword,espresso pods hazelnut,0,True,569.0,,,
EVT_90539d83,search_query_submitted,2026-07-11 14:41:00,SES_ab61873272,ANONYMOUS_GUEST,mobile,Control_Keyword,drpepr zero,9,False,536.0,,,
EVT_349d85de,search_query_submitted,2026-07-11 16:24:00,SES_0d46a48b53,USR_60096,tablet,Control_Keyword,drpepr zero,22,False,531.0,,,
EVT_3fa8a992,search_query_submitted,2026-07-11 16:32:00,SES_a831227a2b,USR_33704,mobile,Control_Keyword,cherry vanilla soda,8,False,443.0,,,
EVT_17b1c61d,search_query_submitted,2026-07-11 20:49:00,SES_abe4fb427e,USR_74491,desktop,Control_Keyword,dr pepper zero sugar 12oz,4,False,202.0,,,
EVT_0ffbfdc3,search_result_clicked,2026-07-11 20:49:10,SES_abe4fb427e,USR_74491,desktop,Control_Keyword,dr pepper zero sugar 12oz,4,False,,KDP_SKU_1040,6.0,
EVT_de9a6dea,search_query_submitted,2026-07-11 21:33:00,SES_9912e59801,USR_20279,mobile,Control_Keyword,dark roast k-cup,5,False,403.0,,,
EVT_5e80d112,search_result_clicked,2026-07-11 21:33:12,SES_9912e59801,USR_20279,mobile,Control_Keyword,dark roast k-cup,5,False,,KDP_SKU_1033,10.0,
EVT_ffc48bd1,search_query_submitted,2026-07-11 22:53:00,SES_33ac29d156,USR_88732,mobile,Variant_B_AI_Semantic,cherry vanilla soda,32,False,191.0,,,
EVT_164b0edb,search_result_clicked,2026-07-11 22:53:04,SES_33ac29d156,USR_88732,mobile,Variant_B_AI_Semantic,cherry vanilla soda,32,False,,KDP_SKU_1003,1.0,
EVT_dd4e0c95,search_to_cart_added,2026-07-11 22:53:46,SES_33ac29d156,USR_88732,mobile,Variant_B_AI_Semantic,cherry vanilla soda,32,False,,KDP_SKU_1003,1.0,18.09
EVT_fc2056a8,search_query_submitted,2026-07-11 23:06:00,SES_161fdca805,USR_52229,mobile,Variant_B_AI_Semantic,dark roast k-cup,28,False,193.0,,,
EVT_8389844b,search_result_clicked,2026-07-11 23:06:15,SES_161fdca805,USR_52229,mobile,Variant_B_AI_Semantic,dark roast k-cup,28,False,,KDP_SKU_1053,3.0,
EVT_dafd2bab,search_to_cart_added,2026-07-11 23:06:47,SES_161fdca805,USR_52229,mobile,Variant_B_AI_Semantic,dark roast k-cup,28,False,,KDP_SKU_1053,3.0,17.74
EVT_2dc0f8dd,search_query_submitted,2026-07-11 23:13:00,SES_4ca7532c79,USR_31967,mobile,Variant_B_AI_Semantic,dr pepper zero sugar 12oz,38,False,216.0,,,
EVT_7e1703ef,search_query_submitted,2026-07-12 01:42:00,SES_58bce9b4cf,USR_21829,desktop,Variant_B_AI_Semantic,snapple peach tea diet,29,False,179.0,,,
EVT_2ecc6e06,search_result_clicked,2026-07-12 01:42:05,SES_58bce9b4cf,USR_21829,desktop,Variant_B_AI_Semantic,snapple peach tea diet,29,False,,KDP_SKU_1020,1.0,
EVT_599186e7,search_to_cart_added,2026-07-12 01:42:27,SES_58bce9b4cf,USR_21829,desktop,Variant_B_AI_Semantic,snapple peach tea diet,29,False,,KDP_SKU_1020,1.0,6.28
EVT_88858334,search_query_submitted,2026-07-12 01:46:00,SES_c7c17bf0a0,USR_14081,tablet,Variant_B_AI_Semantic,caffeine free organic energy drink,0,True,97.0,,,
EVT_b13659ba,search_query_submitted,2026-07-12 02:35:00,SES_641becd650,USR_72072,mobile,Variant_B_AI_Semantic,dark roast k-cup,29,False,213.0,,,
EVT_03653c00,search_query_submitted,2026-07-12 03:26:00,SES_18ae74c635,USR_31697,desktop,Control_Keyword,cherry vanilla soda,13,False,526.0,,,
EVT_1aa1d117,search_query_submitted,2026-07-12 06:11:00,SES_d4606cda70,USR_50991,tablet,Control_Keyword,vanilla flavored coffee,4,False,553.0,,,
EVT_3a28d752,search_result_clicked,2026-07-12 06:11:04,SES_d4606cda70,USR_50991,tablet,Control_Keyword,vanilla flavored coffee,4,False,,KDP_SKU_1048,1.0,
EVT_c55075b6,search_query_submitted,2026-07-12 06:42:00,SES_7d71edec11,USR_64171,tablet,Control_Keyword,vanilla flavored coffee,18,False,450.0,,,
EVT_cf3e9f9c,search_query_submitted,2026-07-12 08:21:00,SES_3b01048f1f,ANONYMOUS_GUEST,mobile,Control_Keyword,caffeine free organic energy drink,0,True,335.0,,,
EVT_1229de57,search_query_submitted,2026-07-12 09:00:00,SES_5d7269a5fe,USR_68361,mobile,Control_Keyword,dark roast k-cup,16,False,479.0,,,
EVT_97561e38,search_query_submitted,2026-07-12 09:28:00,SES_ec188b5064,USR_99831,tablet,Variant_B_AI_Semantic,vanilla flavored coffee,15,False,93.0,,,
EVT_0016223f,search_query_submitted,2026-07-12 10:21:00,SES_afa9a4eed5,USR_87656,desktop,Variant_B_AI_Semantic,vanilla flavored coffee,25,False,195.0,,,
EVT_6f9b2059,search_result_clicked,2026-07-12 10:21:09,SES_afa9a4eed5,USR_87656,desktop,Variant_B_AI_Semantic,vanilla flavored coffee,25,False,,KDP_SKU_1053,3.0,
EVT_c99e2c9a,search_to_cart_added,2026-07-12 10:21:45,SES_afa9a4eed5,USR_87656,desktop,Variant_B_AI_Semantic,vanilla flavored coffee,25,False,,KDP_SKU_1053,3.0,17.74
EVT_569575f3,search_query_submitted,2026-07-12 10:45:00,SES_cd5cb18bda,USR_10955,tablet,Control_Keyword,kcup pods discount,25,False,356.0,,,
EVT_116f361d,search_query_submitted,2026-07-12 11:24:00,SES_a9b8ed2525,USR_15593,tablet,Control_Keyword,dark roast k-cup,25,False,584.0,,,
EVT_05bd0d35,search_query_submitted,2026-07-12 11:26:00,SES_0af5244ddc,USR_40784,desktop,Control_Keyword,espresso pods hazelnut,0,True,203.0,,,
EVT_df975d0a,search_query_submitted,2026-07-12 11:52:00,SES_c0994a4234,USR_41420,desktop,Control_Keyword,dr pepper zero sugar 12oz,8,False,454.0,,,
EVT_f02e7c23,search_query_submitted,2026-07-12 12:23:00,SES_c3af33056e,USR_15047,mobile,Control_Keyword,caffeine free organic energy drink,0,True,201.0,,,
EVT_373bc55d,search_query_submitted,2026-07-12 12:27:00,SES_12e2b72b18,USR_68459,desktop,Control_Keyword,drpepr zero,21,False,495.0,,,
EVT_98a4645a,search_result_clicked,2026-07-12 12:27:10,SES_12e2b72b18,USR_68459,desktop,Control_Keyword,drpepr zero,21,False,,KDP_SKU_1068,9.0,
EVT_f88888b1,search_to_cart_added,2026-07-12 12:27:32,SES_12e2b72b18,USR_68459,desktop,Control_Keyword,drpepr zero,21,False,,KDP_SKU_1068,9.0,7.4
EVT_00c1c7a8,search_query_submitted,2026-07-12 14:13:00,SES_8d4db15794,USR_34434,mobile,Variant_B_AI_Semantic,kcup pods discount,9,False,90.0,,,
EVT_5ca27225,search_query_submitted,2026-07-12 14:13:00,SES_1b7e0fa7eb,USR_44400,desktop,Control_Keyword,cherry vanilla soda,11,False,297.0,,,
EVT_dd6f965d,search_result_clicked,2026-07-12 14:13:05,SES_1b7e0fa7eb,USR_44400,desktop,Control_Keyword,cherry vanilla soda,11,False,,KDP_SKU_1069,3.0,
EVT_0d7916c8,search_result_clicked,2026-07-12 14:13:09,SES_8d4db15794,USR_34434,mobile,Variant_B_AI_Semantic,kcup pods discount,9,False,,KDP_SKU_1069,2.0,
EVT_fdc1c7e8,search_query_submitted,2026-07-12 14:23:00,SES_02a4fa13f6,USR_26631,desktop,Control_Keyword,espresso pods hazelnut,0,True,344.0,,,
EVT_caeebe64,search_query_submitted,2026-07-12 15:10:00,SES_430bcdd92b,USR_14635,tablet,Control_Keyword,cherry vanilla soda,9,False,344.0,,,
EVT_0e63f2a9,search_query_submitted,2026-07-12 15:30:00,SES_c040d36591,USR_78039,tablet,Control_Keyword,drpepr zero,5,False,401.0,,,
EVT_a5cbbf69,search_query_submitted,2026-07-12 16:48:00,SES_d79511d75a,USR_65407,desktop,Variant_B_AI_Semantic,snapple peach tea diet,15,False,166.0,,,
EVT_38669795,search_query_submitted,2026-07-12 17:04:00,SES_fdcf73df6d,USR_75916,desktop,Control_Keyword,espresso pods hazelnut,0,True,250.0,,,
EVT_fa6ed9ad,search_query_submitted,2026-07-12 17:49:00,SES_57810934e4,USR_81939,tablet,Variant_B_AI_Semantic,vanilla flavored coffee,26,False,97.0,,,
EVT_555c5a24,search_result_clicked,2026-07-12 17:49:08,SES_57810934e4,USR_81939,tablet,Variant_B_AI_Semantic,vanilla flavored coffee,26,False,,KDP_SKU_1073,2.0,
EVT_f392041d,search_to_cart_added,2026-07-12 17:49:28,SES_57810934e4,USR_81939,tablet,Variant_B_AI_Semantic,vanilla flavored coffee,26,False,,KDP_SKU_1073,2.0,44.55
EVT_57cb9567,search_query_submitted,2026-07-12 19:18:00,SES_dc78ddd3b6,USR_47593,desktop,Variant_B_AI_Semantic,kcup pods discount,12,False,151.0,,,
EVT_b9a01a47,search_result_clicked,2026-07-12 19:18:03,SES_dc78ddd3b6,USR_47593,desktop,Variant_B_AI_Semantic,kcup pods discount,12,False,,KDP_SKU_1002,2.0,
EVT_ac4b9ea2,search_query_submitted,2026-07-12 19:40:00,SES_70b67acdf0,USR_99417,desktop,Variant_B_AI_Semantic,keurig single serve machine,8,False,137.0,,,
EVT_ed1129f4,search_query_submitted,2026-07-12 20:05:00,SES_612a34dcb6,ANONYMOUS_GUEST,mobile,Variant_B_AI_Semantic,cherry vanilla soda,36,False,122.0,,,
EVT_8f80151c,search_result_clicked,2026-07-12 20:05:04,SES_612a34dcb6,ANONYMOUS_GUEST,mobile,Variant_B_AI_Semantic,cherry vanilla soda,36,False,,KDP_SKU_1065,1.0,
EVT_3606bd09,search_query_submitted,2026-07-12 21:11:00,SES_3c0f7eb0a9,USR_83080,mobile,Variant_B_AI_Semantic,kcup pods discount,43,False,203.0,,,
EVT_42a687fd,search_result_clicked,2026-07-12 21:11:09,SES_3c0f7eb0a9,USR_83080,mobile,Variant_B_AI_Semantic,kcup pods discount,43,False,,KDP_SKU_1025,3.0,
EVT_0b1290cf,search_query_submitted,2026-07-13 00:27:00,SES_37c71821fc,ANONYMOUS_GUEST,tablet,Control_Keyword,keurig single serve machine,4,False,467.0,,,
EVT_efbd76d3,search_result_clicked,2026-07-13 00:27:11,SES_37c71821fc,ANONYMOUS_GUEST,tablet,Control_Keyword,keurig single serve machine,4,False,,KDP_SKU_1036,2.0,
EVT_bc6d026a,search_query_submitted,2026-07-13 01:23:00,SES_2bca7c442f,USR_13830,mobile,Variant_B_AI_Semantic,cherry vanilla soda,25,False,136.0,,,
EVT_44b10404,search_query_submitted,2026-07-13 01:36:00,SES_dcac04ec52,USR_70142,tablet,Control_Keyword,dark roast k-cup,17,False,239.0,,,
EVT_902b5e94,search_query_submitted,2026-07-13 01:42:00,SES_7267436a7a,USR_88497,tablet,Control_Keyword,caffeine free organic energy drink,0,True,624.0,,,
EVT_172e950d,search_query_submitted,2026-07-13 02:05:00,SES_a6d94f0062,USR_77193,tablet,Variant_B_AI_Semantic,keurig single serve machine,11,False,122.0,,,
EVT_e09b96ec,search_result_clicked,2026-07-13 02:05:12,SES_a6d94f0062,USR_77193,tablet,Variant_B_AI_Semantic,keurig single serve machine,11,False,,KDP_SKU_1005,2.0,
EVT_ded95cc0,search_query_submitted,2026-07-13 03:06:00,SES_d41e5c2e12,USR_76162,tablet,Variant_B_AI_Semantic,caffeine free organic energy drink,38,False,195.0,,,
EVT_0917c194,search_query_submitted,2026-07-13 05:21:00,SES_48f5a62ec6,USR_87564,tablet,Control_Keyword,caffeine free organic energy drink,0,True,269.0,,,
EVT_a1113f1b,search_query_submitted,2026-07-13 05:56:00,SES_348832786d,USR_94817,desktop,Control_Keyword,vanilla flavored coffee,16,False,281.0,,,
EVT_9d276d35,search_result_clicked,2026-07-13 05:56:12,SES_348832786d,USR_94817,desktop,Control_Keyword,vanilla flavored coffee,16,False,,KDP_SKU_1023,7.0,
EVT_0aab40b9,search_query_submitted,2026-07-13 06:10:00,SES_4518642024,USR_70178,desktop,Control_Keyword,vanilla flavored coffee,6,False,324.0,,,
EVT_826fbd19,search_result_clicked,2026-07-13 06:10:08,SES_4518642024,USR_70178,desktop,Control_Keyword,vanilla flavored coffee,6,False,,KDP_SKU_1084,8.0,
EVT_71839ce2,search_query_submitted,2026-07-13 07:03:00,SES_0a3d13518c,USR_65725,tablet,Variant_B_AI_Semantic,espresso pods hazelnut,10,False,195.0,,,
EVT_f23ca3b7,search_query_submitted,2026-07-13 07:38:00,SES_350eacb8ad,USR_82682,tablet,Variant_B_AI_Semantic,keurig single serve machine,36,False,155.0,,,
EVT_a5793a92,search_result_clicked,2026-07-13 07:38:11,SES_350eacb8ad,USR_82682,tablet,Variant_B_AI_Semantic,keurig single serve machine,36,False,,KDP_SKU_1073,3.0,
EVT_c0b9ae17,search_to_cart_added,2026-07-13 07:38:27,SES_350eacb8ad,USR_82682,tablet,Variant_B_AI_Semantic,keurig single serve machine,36,False,,KDP_SKU_1073,3.0,44.55
EVT_b7fda06c,search_query_submitted,2026-07-13 08:10:00,SES_25a67f311f,USR_69666,desktop,Variant_B_AI_Semantic,caffeine free organic energy drink,9,False,125.0,,,
EVT_381b4a87,search_result_clicked,2026-07-13 08:10:12,SES_25a67f311f,USR_69666,desktop,Variant_B_AI_Semantic,caffeine free organic energy drink,9,False,,KDP_SKU_1032,1.0,
EVT_9943753e,search_to_cart_added,2026-07-13 08:10:47,SES_25a67f311f,USR_69666,desktop,Variant_B_AI_Semantic,caffeine free organic energy drink,9,False,,KDP_SKU_1032,1.0,38.1
EVT_c4ad42e0,search_query_submitted,2026-07-13 08:29:00,SES_846c4d718f,USR_23276,tablet,Control_Keyword,espresso pods hazelnut,0,True,331.0,,,
EVT_59c2aa7f,search_query_submitted,2026-07-13 09:27:00,SES_fbaaf1ea86,USR_72071,mobile,Control_Keyword,cherry vanilla soda,17,False,430.0,,,
EVT_d187faa2,search_result_clicked,2026-07-13 09:27:09,SES_fbaaf1ea86,USR_72071,mobile,Control_Keyword,cherry vanilla soda,17,False,,KDP_SKU_1033,6.0,
EVT_3ef1727f,search_query_submitted,2026-07-13 09:28:00,SES_1fc3767f49,ANONYMOUS_GUEST,tablet,Variant_B_AI_Semantic,keurig single serve machine,12,False,200.0,,,
EVT_82ae5417,search_query_submitted,2026-07-13 09:40:00,SES_0f38719f95,USR_51879,desktop,Variant_B_AI_Semantic,snapple peach tea diet,36,False,82.0,,,
EVT_ba69860d,search_query_submitted,2026-07-13 09:44:00,SES_af281a2e52,USR_30591,mobile,Variant_B_AI_Semantic,espresso pods hazelnut,34,False,218.0,,,
EVT_c060e864,search_result_clicked,2026-07-13 09:44:03,SES_af281a2e52,USR_30591,mobile,Variant_B_AI_Semantic,espresso pods hazelnut,34,False,,KDP_SKU_1028,1.0,
EVT_5d716422,search_to_cart_added,2026-07-13 09:44:43,SES_af281a2e52,USR_30591,mobile,Variant_B_AI_Semantic,espresso pods hazelnut,34,False,,KDP_SKU_1028,1.0,10.25
EVT_110cabff,search_query_submitted,2026-07-13 11:01:00,SES_19b20a9bd4,ANONYMOUS_GUEST,tablet,Variant_B_AI_Semantic,dark roast k-cup,10,False,179.0,,,
EVT_fdd20194,search_result_clicked,2026-07-13 11:01:12,SES_19b20a9bd4,ANONYMOUS_GUEST,tablet,Variant_B_AI_Semantic,dark roast k-cup,10,False,,KDP_SKU_1082,2.0,
EVT_f61ae672,search_to_cart_added,2026-07-13 11:01:48,SES_19b20a9bd4,ANONYMOUS_GUEST,tablet,Variant_B_AI_Semantic,dark roast k-cup,10,False,,KDP_SKU_1082,2.0,17.55
EVT_166209d1,search_query_submitted,2026-07-13 13:21:00,SES_b7add04d2a,USR_62654,mobile,Variant_B_AI_Semantic,espresso pods hazelnut,0,True,201.0,,,
EVT_695d1d86,search_query_submitted,2026-07-13 14:15:00,SES_9d1047ec71,USR_90318,desktop,Control_Keyword,kcup pods discount,10,False,301.0,,,
EVT_75447287,search_query_submitted,2026-07-13 14:22:00,SES_bfd69b45fe,USR_89129,desktop,Variant_B_AI_Semantic,espresso pods hazelnut,44,False,85.0,,,
EVT_a8a0a232,search_query_submitted,2026-07-13 16:20:00,SES_319520ff9b,ANONYMOUS_GUEST,desktop,Control_Keyword,vanilla flavored coffee,14,False,518.0,,,
EVT_f6e3ed7f,search_query_submitted,2026-07-13 17:02:00,SES_4aed8415b3,USR_44208,mobile,Control_Keyword,snapple peach tea diet,12,False,411.0,,,
EVT_ac5e8e6a,search_query_submitted,2026-07-13 17:44:00,SES_9ec9eb2795,USR_79637,mobile,Control_Keyword,drpepr zero,22,False,619.0,,,
EVT_4a83a54e,search_result_clicked,2026-07-13 17:44:07,SES_9ec9eb2795,USR_79637,mobile,Control_Keyword,drpepr zero,22,False,,KDP_SKU_1021,2.0,
EVT_70054457,search_query_submitted,2026-07-13 17:48:00,SES_7997ce4165,USR_35237,tablet,Variant_B_AI_Semantic,snapple peach tea diet,36,False,110.0,,,
EVT_34b0154e,search_result_clicked,2026-07-13 17:48:12,SES_7997ce4165,USR_35237,tablet,Variant_B_AI_Semantic,snapple peach tea diet,36,False,,KDP_SKU_1028,1.0,
EVT_bf1e2348,search_query_submitted,2026-07-13 17:57:00,SES_9a2482c83f,USR_55823,mobile,Variant_B_AI_Semantic,keurig single serve machine,18,False,210.0,,,
EVT_74b0a6d6,search_result_clicked,2026-07-13 17:57:12,SES_9a2482c83f,USR_55823,mobile,Variant_B_AI_Semantic,keurig single serve machine,18,False,,KDP_SKU_1053,1.0,
EVT_32769784,search_query_submitted,2026-07-13 18:25:00,SES_0858cda2c4,USR_81176,desktop,Variant_B_AI_Semantic,espresso pods hazelnut,11,False,164.0,,,
EVT_c77e0d82,search_result_clicked,2026-07-13 18:25:14,SES_0858cda2c4,USR_81176,desktop,Variant_B_AI_Semantic,espresso pods hazelnut,11,False,,KDP_SKU_1032,2.0,
EVT_e9507fe4,search_query_submitted,2026-07-13 18:27:00,SES_08db9deffa,USR_63317,tablet,Variant_B_AI_Semantic,vanilla flavored coffee,31,False,165.0,,,
EVT_ab617e7e,search_query_submitted,2026-07-13 20:05:00,SES_30257e107f,ANONYMOUS_GUEST,mobile,Control_Keyword,dark roast k-cup,2,False,451.0,,,
EVT_494af058,search_result_clicked,2026-07-13 20:05:14,SES_30257e107f,ANONYMOUS_GUEST,mobile,Control_Keyword,dark roast k-cup,2,False,,KDP_SKU_1059,9.0,
EVT_80ccfe82,search_query_submitted,2026-07-13 21:19:00,SES_abe9e5b1f0,ANONYMOUS_GUEST,mobile,Control_Keyword,dr pepper zero sugar 12oz,9,False,436.0,,,
EVT_e5bec556,search_query_submitted,2026-07-13 21:24:00,SES_521b854959,USR_61207,mobile,Control_Keyword,vanilla flavored coffee,5,False,264.0,,,
EVT_5cebac26,search_result_clicked,2026-07-13 21:24:06,SES_521b854959,USR_61207,mobile,Control_Keyword,vanilla flavored coffee,5,False,,KDP_SKU_1071,3.0,
EVT_690fface,search_query_submitted,2026-07-13 21:55:00,SES_c545eccbb9,USR_20802,tablet,Variant_B_AI_Semantic,kcup pods discount,42,False,100.0,,,
EVT_421f8e6d,search_result_clicked,2026-07-13 21:55:08,SES_c545eccbb9,USR_20802,tablet,Variant_B_AI_Semantic,kcup pods discount,42,False,,KDP_SKU_1078,1.0,
EVT_5558dc60,search_to_cart_added,2026-07-13 21:55:25,SES_c545eccbb9,USR_20802,tablet,Variant_B_AI_Semantic,kcup pods discount,42,False,,KDP_SKU_1078,1.0,26.18
EVT_b3b4fc8d,search_query_submitted,2026-07-13 22:17:00,SES_06bed71fac,USR_93418,mobile,Variant_B_AI_Semantic,vanilla flavored coffee,32,False,111.0,,,
EVT_257a69ce,search_result_clicked,2026-07-13 22:17:10,SES_06bed71fac,USR_93418,mobile,Variant_B_AI_Semantic,vanilla flavored coffee,32,False,,KDP_SKU_1057,2.0,
EVT_94b71e48,search_query_submitted,2026-07-13 22:47:00,SES_6e84b8c194,USR_74472,tablet,Control_Keyword,espresso pods hazelnut,0,True,571.0,,,
EVT_59916aa0,search_query_submitted,2026-07-13 22:56:00,SES_c84efa3951,USR_35701,tablet,Control_Keyword,cherry vanilla soda,5,False,625.0,,,
EVT_738d4568,search_result_clicked,2026-07-13 22:56:06,SES_c84efa3951,USR_35701,tablet,Control_Keyword,cherry vanilla soda,5,False,,KDP_SKU_1074,9.0,
EVT_c626ae0c,search_query_submitted,2026-07-14 01:12:00,SES_bee35ab5b1,USR_86056,tablet,Variant_B_AI_Semantic,vanilla flavored coffee,17,False,214.0,,,
EVT_1b9487e9,search_result_clicked,2026-07-14 01:12:04,SES_bee35ab5b1,USR_86056,tablet,Variant_B_AI_Semantic,vanilla flavored coffee,17,False,,KDP_SKU_1027,3.0,
EVT_ac311047,search_to_cart_added,2026-07-14 01:12:49,SES_bee35ab5b1,USR_86056,tablet,Variant_B_AI_Semantic,vanilla flavored coffee,17,False,,KDP_SKU_1027,3.0,10.07
EVT_4c88c29d,search_query_submitted,2026-07-14 01:25:00,SES_9f3ae996a1,USR_75374,mobile,Variant_B_AI_Semantic,snapple peach tea diet,31,False,182.0,,,
EVT_3bc18c86,search_result_clicked,2026-07-14 01:25:13,SES_9f3ae996a1,USR_75374,mobile,Variant_B_AI_Semantic,snapple peach tea diet,31,False,,KDP_SKU_1079,3.0,
EVT_f23c0982,search_to_cart_added,2026-07-14 01:25:24,SES_9f3ae996a1,USR_75374,mobile,Variant_B_AI_Semantic,snapple peach tea diet,31,False,,KDP_SKU_1079,3.0,17.64
EVT_ee726159,search_query_submitted,2026-07-14 02:20:00,SES_0febcca462,ANONYMOUS_GUEST,mobile,Control_Keyword,snapple peach tea diet,4,False,256.0,,,
EVT_37b5bad0,search_result_clicked,2026-07-14 02:20:13,SES_0febcca462,ANONYMOUS_GUEST,mobile,Control_Keyword,snapple peach tea diet,4,False,,KDP_SKU_1081,7.0,
EVT_adddeba1,search_query_submitted,2026-07-14 02:29:00,SES_46bf027b35,USR_45349,desktop,Variant_B_AI_Semantic,dark roast k-cup,44,False,95.0,,,
EVT_0e895fb4,search_query_submitted,2026-07-14 05:15:00,SES_beaf8e9bbd,USR_34886,mobile,Control_Keyword,kcup pods discount,6,False,493.0,,,
EVT_0b826aee,search_query_submitted,2026-07-14 05:45:00,SES_ce8f2faf1d,USR_66314,mobile,Control_Keyword,dr pepper zero sugar 12oz,12,False,604.0,,,
EVT_0905a04e,search_query_submitted,2026-07-14 07:13:00,SES_1988065d6c,USR_62286,desktop,Variant_B_AI_Semantic,keurig single serve machine,32,False,183.0,,,
EVT_0735c0cb,search_query_submitted,2026-07-14 07:33:00,SES_f83085fc53,ANONYMOUS_GUEST,mobile,Variant_B_AI_Semantic,keurig single serve machine,18,False,217.0,,,
EVT_40ced0e5,search_result_clicked,2026-07-14 07:33:14,SES_f83085fc53,ANONYMOUS_GUEST,mobile,Variant_B_AI_Semantic,keurig single serve machine,18,False,,KDP_SKU_1021,3.0,
EVT_d126b2f8,search_query_submitted,2026-07-14 07:38:00,SES_1d00284b26,USR_16233,desktop,Variant_B_AI_Semantic,dark roast k-cup,28,False,134.0,,,
EVT_e384576f,search_query_submitted,2026-07-14 08:05:00,SES_25a8656b1a,USR_78327,desktop,Variant_B_AI_Semantic,dr pepper zero sugar 12oz,36,False,99.0,,,
EVT_b7b929bd,search_result_clicked,2026-07-14 08:05:04,SES_25a8656b1a,USR_78327,desktop,Variant_B_AI_Semantic,dr pepper zero sugar 12oz,36,False,,KDP_SKU_1008,3.0,
EVT_c3364d0a,search_to_cart_added,2026-07-14 08:05:23,SES_25a8656b1a,USR_78327,desktop,Variant_B_AI_Semantic,dr pepper zero sugar 12oz,36,False,,KDP_SKU_1008,3.0,9.82
EVT_43ef42bc,search_query_submitted,2026-07-14 09:13:00,SES_3d7a27630f,USR_30410,desktop,Variant_B_AI_Semantic,kcup pods discount,16,False,168.0,,,
EVT_03e18637,search_query_submitted,2026-07-14 09:13:00,SES_1081433bfd,USR_49257,tablet,Variant_B_AI_Semantic,snapple peach tea diet,36,False,83.0,,,
EVT_771c61b0,search_result_clicked,2026-07-14 09:13:03,SES_1081433bfd,USR_49257,tablet,Variant_B_AI_Semantic,snapple peach tea diet,36,False,,KDP_SKU_1070,3.0,
EVT_d8ed6165,search_result_clicked,2026-07-14 09:13:15,SES_3d7a27630f,USR_30410,desktop,Variant_B_AI_Semantic,kcup pods discount,16,False,,KDP_SKU_1060,2.0,
EVT_df34ae5c,search_query_submitted,2026-07-14 09:33:00,SES_46658179f2,USR_19724,mobile,Variant_B_AI_Semantic,dark roast k-cup,11,False,174.0,,,
EVT_397a2b6f,search_result_clicked,2026-07-14 09:33:09,SES_46658179f2,USR_19724,mobile,Variant_B_AI_Semantic,dark roast k-cup,11,False,,KDP_SKU_1061,3.0,
EVT_45b78d05,search_query_submitted,2026-07-14 10:31:00,SES_98904cb8f5,USR_98291,desktop,Variant_B_AI_Semantic,espresso pods hazelnut,0,True,148.0,,,
EVT_e81a44be,search_query_submitted,2026-07-14 10:36:00,SES_a1eb7f8931,USR_75338,desktop,Control_Keyword,espresso pods hazelnut,0,True,247.0,,,
EVT_0edd453d,search_query_submitted,2026-07-14 11:15:00,SES_8fc315c0af,USR_83535,tablet,Variant_B_AI_Semantic,caffeine free organic energy drink,34,False,193.0,,,
EVT_0d270af9,search_query_submitted,2026-07-14 13:39:00,SES_ec1b3be2ac,USR_75973,desktop,Control_Keyword,vanilla flavored coffee,3,False,332.0,,,
EVT_f73ec922,search_query_submitted,2026-07-14 14:23:00,SES_87594e5174,USR_10024,tablet,Control_Keyword,keurig single serve machine,16,False,452.0,,,
EVT_412ec1b8,search_query_submitted,2026-07-14 14:34:00,SES_505a2b705c,ANONYMOUS_GUEST,tablet,Variant_B_AI_Semantic,snapple peach tea diet,11,False,154.0,,,
EVT_165cb6a1,search_query_submitted,2026-07-14 14:46:00,SES_c1becad588,USR_82642,tablet,Variant_B_AI_Semantic,snapple peach tea diet,32,False,83.0,,,
EVT_c1ab25d5,search_query_submitted,2026-07-14 14:47:00,SES_b959d3f970,USR_70482,tablet,Control_Keyword,keurig single serve machine,17,False,546.0,,,
EVT_0ce3514a,search_result_clicked,2026-07-14 14:47:10,SES_b959d3f970,USR_70482,tablet,Control_Keyword,keurig single serve machine,17,False,,KDP_SKU_1036,8.0,
EVT_56ee1f87,search_to_cart_added,2026-07-14 14:47:50,SES_b959d3f970,USR_70482,tablet,Control_Keyword,keurig single serve machine,17,False,,KDP_SKU_1036,8.0,30.28
EVT_b61ee5a9,search_query_submitted,2026-07-14 15:02:00,SES_a9bc2ddeb9,USR_68176,desktop,Variant_B_AI_Semantic,drpepr zero,9,False,136.0,,,
EVT_ccf78370,search_result_clicked,2026-07-14 15:02:15,SES_a9bc2ddeb9,USR_68176,desktop,Variant_B_AI_Semantic,drpepr zero,9,False,,KDP_SKU_1036,1.0,
EVT_344364c8,search_query_submitted,2026-07-14 16:33:00,SES_1f787b2b10,USR_68904,desktop,Variant_B_AI_Semantic,kcup pods discount,24,False,184.0,,,
EVT_7793021d,search_query_submitted,2026-07-14 16:58:00,SES_9f5f985c75,USR_72406,tablet,Control_Keyword,vanilla flavored coffee,25,False,377.0,,,
EVT_62b68ee5,search_query_submitted,2026-07-14 17:19:00,SES_5f55b284ce,USR_94886,tablet,Variant_B_AI_Semantic,kcup pods discount,20,False,129.0,,,
EVT_71d06320,search_query_submitted,2026-07-14 18:22:00,SES_07d2c3746e,USR_75771,desktop,Control_Keyword,dr pepper zero sugar 12oz,17,False,592.0,,,
EVT_fe1358b8,search_result_clicked,2026-07-14 18:22:10,SES_07d2c3746e,USR_75771,desktop,Control_Keyword,dr pepper zero sugar 12oz,17,False,,KDP_SKU_1046,2.0,
EVT_1dfc44ef,search_query_submitted,2026-07-14 19:34:00,SES_303f6e7403,USR_52193,mobile,Control_Keyword,espresso pods hazelnut,0,True,572.0,,,
EVT_59bee469,search_query_submitted,2026-07-14 20:45:00,SES_199c67ef1a,ANONYMOUS_GUEST,desktop,Control_Keyword,dr pepper zero sugar 12oz,10,False,204.0,,,
EVT_fc77e4d4,search_result_clicked,2026-07-14 20:45:12,SES_199c67ef1a,ANONYMOUS_GUEST,desktop,Control_Keyword,dr pepper zero sugar 12oz,10,False,,KDP_SKU_1009,4.0,
EVT_64a29b2a,search_query_submitted,2026-07-14 20:53:00,SES_8ed1627323,USR_47737,mobile,Control_Keyword,snapple peach tea diet,24,False,611.0,,,
EVT_8132db69,search_query_submitted,2026-07-14 23:17:00,SES_91747fa9e0,USR_56486,mobile,Variant_B_AI_Semantic,cherry vanilla soda,33,False,217.0,,,
EVT_98231843,search_result_clicked,2026-07-14 23:17:05,SES_91747fa9e0,USR_56486,mobile,Variant_B_AI_Semantic,cherry vanilla soda,33,False,,KDP_SKU_1049,1.0,
EVT_820a16b7,search_to_cart_added,2026-07-14 23:17:31,SES_91747fa9e0,USR_56486,mobile,Variant_B_AI_Semantic,cherry vanilla soda,33,False,,KDP_SKU_1049,1.0,33.96
EVT_c0699d25,search_query_submitted,2026-07-14 23:59:00,SES_5a79376637,ANONYMOUS_GUEST,mobile,Variant_B_AI_Semantic,dr pepper zero sugar 12oz,12,False,158.0,,,
EVT_b7368127,search_result_clicked,2026-07-14 23:59:04,SES_5a79376637,ANONYMOUS_GUEST,mobile,Variant_B_AI_Semantic,dr pepper zero sugar 12oz,12,False,,KDP_SKU_1030,1.0,
EVT_cb309678,search_query_submitted,2026-07-15 00:39:00,SES_78371a0979,USR_99816,desktop,Variant_B_AI_Semantic,caffeine free organic energy drink,33,False,145.0,,,
EVT_8b15bda1,search_result_clicked,2026-07-15 00:39:10,SES_78371a0979,USR_99816,desktop,Variant_B_AI_Semantic,caffeine free organic energy drink,33,False,,KDP_SKU_1020,1.0,
EVT_921ca4ec,search_query_submitted,2026-07-15 02:44:00,SES_b39e48dc19,USR_63096,tablet,Control_Keyword,drpepr zero,25,False,429.0,,,
EVT_930328cb,search_query_submitted,2026-07-15 03:59:00,SES_75a92518b4,USR_30975,tablet,Variant_B_AI_Semantic,drpepr zero,24,False,141.0,,,
EVT_a035cae2,search_query_submitted,2026-07-15 04:47:00,SES_339c58e047,USR_28220,tablet,Control_Keyword,kcup pods discount,12,False,268.0,,,
EVT_143ccec6,search_result_clicked,2026-07-15 04:47:14,SES_339c58e047,USR_28220,tablet,Control_Keyword,kcup pods discount,12,False,,KDP_SKU_1045,3.0,
EVT_be1f63c2,search_to_cart_added,2026-07-15 04:47:27,SES_339c58e047,USR_28220,tablet,Control_Keyword,kcup pods discount,12,False,,KDP_SKU_1045,3.0,9.5
EVT_04764f23,search_query_submitted,2026-07-15 06:16:00,SES_3e9c82a135,USR_31017,mobile,Variant_B_AI_Semantic,caffeine free organic energy drink,24,False,208.0,,,
EVT_372ebb46,search_result_clicked,2026-07-15 06:16:07,SES_3e9c82a135,USR_31017,mobile,Variant_B_AI_Semantic,caffeine free organic energy drink,24,False,,KDP_SKU_1039,1.0,
EVT_06af1420,search_query_submitted,2026-07-15 07:53:00,SES_57e971f683,USR_11257,desktop,Control_Keyword,cherry vanilla soda,25,False,552.0,,,
EVT_b307cafc,search_query_submitted,2026-07-15 07:53:00,SES_ab27b07855,USR_10074,mobile,Control_Keyword,dark roast k-cup,5,False,365.0,,,
EVT_5458095b,search_result_clicked,2026-07-15 07:53:04,SES_ab27b07855,USR_10074,mobile,Control_Keyword,dark roast k-cup,5,False,,KDP_SKU_1042,10.0,
EVT_37d530f7,search_to_cart_added,2026-07-15 07:53:40,SES_ab27b07855,USR_10074,mobile,Control_Keyword,dark roast k-cup,5,False,,KDP_SKU_1042,10.0,8.01
EVT_f1e8bca3,search_query_submitted,2026-07-15 07:59:00,SES_adfa4b1a57,USR_44816,desktop,Control_Keyword,dark roast k-cup,7,False,585.0,,,
EVT_04f57344,search_query_submitted,2026-07-15 08:12:00,SES_69b680415e,USR_64502,tablet,Control_Keyword,snapple peach tea diet,14,False,430.0,,,
EVT_ba4c91b6,search_query_submitted,2026-07-15 08:52:00,SES_d95cf3e1ff,USR_52154,mobile,Control_Keyword,caffeine free organic energy drink,0,True,363.0,,,
EVT_a3f3f33c,search_query_submitted,2026-07-15 08:52:00,SES_621bd2f060,USR_66349,tablet,Variant_B_AI_Semantic,drpepr zero,39,False,214.0,,,
EVT_2f56fb12,search_query_submitted,2026-07-15 09:48:00,SES_22eb907158,USR_17166,tablet,Control_Keyword,espresso pods hazelnut,0,True,376.0,,,
EVT_3b585dd4,search_query_submitted,2026-07-15 09:49:00,SES_718e5e3ca7,USR_42044,mobile,Variant_B_AI_Semantic,vanilla flavored coffee,37,False,94.0,,,
EVT_96aabfaa,search_result_clicked,2026-07-15 09:49:04,SES_718e5e3ca7,USR_42044,mobile,Variant_B_AI_Semantic,vanilla flavored coffee,37,False,,KDP_SKU_1074,1.0,
EVT_a8a0626c,search_to_cart_added,2026-07-15 09:49:17,SES_718e5e3ca7,USR_42044,mobile,Variant_B_AI_Semantic,vanilla flavored coffee,37,False,,KDP_SKU_1074,1.0,19.84
EVT_c5f9a314,search_query_submitted,2026-07-15 11:25:00,SES_a7dd6a669d,USR_25915,tablet,Variant_B_AI_Semantic,drpepr zero,23,False,120.0,,,
EVT_48a379fc,search_result_clicked,2026-07-15 11:25:06,SES_a7dd6a669d,USR_25915,tablet,Variant_B_AI_Semantic,drpepr zero,23,False,,KDP_SKU_1010,1.0,
EVT_87d42551,search_query_submitted,2026-07-15 13:21:00,SES_a467850bc6,USR_69441,tablet,Variant_B_AI_Semantic,vanilla flavored coffee,28,False,189.0,,,
EVT_02ca159e,search_result_clicked,2026-07-15 13:21:13,SES_a467850bc6,USR_69441,tablet,Variant_B_AI_Semantic,vanilla flavored coffee,28,False,,KDP_SKU_1067,1.0,
EVT_d726f3af,search_query_submitted,2026-07-15 13:53:00,SES_0e7860eeed,USR_66372,mobile,Variant_B_AI_Semantic,drpepr zero,24,False,212.0,,,
EVT_59599afb,search_result_clicked,2026-07-15 13:53:10,SES_0e7860eeed,USR_66372,mobile,Variant_B_AI_Semantic,drpepr zero,24,False,,KDP_SKU_1012,3.0,
EVT_843faac3,search_query_submitted,2026-07-15 14:04:00,SES_805caee614,USR_48986,tablet,Control_Keyword,vanilla flavored coffee,23,False,248.0,,,
EVT_ed2af296,search_result_clicked,2026-07-15 14:04:08,SES_805caee614,USR_48986,tablet,Control_Keyword,vanilla flavored coffee,23,False,,KDP_SKU_1075,3.0,
EVT_d41933ae,search_query_submitted,2026-07-15 15:00:00,SES_c401ed9f32,USR_86638,desktop,Variant_B_AI_Semantic,keurig single serve machine,36,False,199.0,,,
EVT_1dd511bc,search_result_clicked,2026-07-15 15:00:10,SES_c401ed9f32,USR_86638,desktop,Variant_B_AI_Semantic,keurig single serve machine,36,False,,KDP_SKU_1029,1.0,
EVT_2aa70dad,search_to_cart_added,2026-07-15 15:00:31,SES_c401ed9f32,USR_86638,desktop,Variant_B_AI_Semantic,keurig single serve machine,36,False,,KDP_SKU_1029,1.0,43.28
EVT_c049fd90,search_query_submitted,2026-07-15 15:36:00,SES_e70d5b0e39,USR_32706,mobile,Control_Keyword,dr pepper zero sugar 12oz,6,False,275.0,,,
EVT_545996ff,search_query_submitted,2026-07-15 18:16:00,SES_1972acf6e8,USR_91412,mobile,Variant_B_AI_Semantic,caffeine free organic energy drink,31,False,207.0,,,
EVT_81814dcb,search_result_clicked,2026-07-15 18:16:06,SES_1972acf6e8,USR_91412,mobile,Variant_B_AI_Semantic,caffeine free organic energy drink,31,False,,KDP_SKU_1012,2.0,
EVT_8d068916,search_to_cart_added,2026-07-15 18:16:15,SES_1972acf6e8,USR_91412,mobile,Variant_B_AI_Semantic,caffeine free organic energy drink,31,False,,KDP_SKU_1012,2.0,28.23
EVT_49a94f7a,search_query_submitted,2026-07-15 18:17:00,SES_3ea9d5b598,USR_49124,mobile,Variant_B_AI_Semantic,dr pepper zero sugar 12oz,21,False,205.0,,,
EVT_e48818b7,search_result_clicked,2026-07-15 18:17:07,SES_3ea9d5b598,USR_49124,mobile,Variant_B_AI_Semantic,dr pepper zero sugar 12oz,21,False,,KDP_SKU_1078,3.0,
EVT_7b0db641,search_to_cart_added,2026-07-15 18:17:48,SES_3ea9d5b598,USR_49124,mobile,Variant_B_AI_Semantic,dr pepper zero sugar 12oz,21,False,,KDP_SKU_1078,3.0,26.18
EVT_713a4dd3,search_query_submitted,2026-07-15 18:34:00,SES_ccdb8867c4,USR_27477,tablet,Control_Keyword,kcup pods discount,19,False,484.0,,,
EVT_bccaee89,search_query_submitted,2026-07-15 19:28:00,SES_92eb404b64,USR_85740,tablet,Variant_B_AI_Semantic,cherry vanilla soda,19,False,183.0,,,
EVT_18e67995,search_result_clicked,2026-07-15 19:28:14,SES_92eb404b64,USR_85740,tablet,Variant_B_AI_Semantic,cherry vanilla soda,19,False,,KDP_SKU_1010,1.0,
EVT_afc407d5,search_query_submitted,2026-07-15 19:40:00,SES_748b96816f,USR_46629,desktop,Control_Keyword,drpepr zero,18,False,590.0,,,
EVT_99e7971b,search_query_submitted,2026-07-15 20:33:00,SES_39a0a923b3,USR_62260,mobile,Variant_B_AI_Semantic,kcup pods discount,43,False,107.0,,,
EVT_1c9e677e,search_result_clicked,2026-07-15 20:33:06,SES_39a0a923b3,USR_62260,mobile,Variant_B_AI_Semantic,kcup pods discount,43,False,,KDP_SKU_1010,2.0,
EVT_537a1044,search_to_cart_added,2026-07-15 20:33:14,SES_39a0a923b3,USR_62260,mobile,Variant_B_AI_Semantic,kcup pods discount,43,False,,KDP_SKU_1010,2.0,7.3
EVT_a20cc783,search_query_submitted,2026-07-15 20:35:00,SES_378dcc4a49,USR_27842,tablet,Variant_B_AI_Semantic,espresso pods hazelnut,19,False,181.0,,,
EVT_df89b272,search_query_submitted,2026-07-15 21:04:00,SES_85f9364770,USR_29651,desktop,Control_Keyword,dark roast k-cup,21,False,386.0,,,
EVT_a8451e56,search_query_submitted,2026-07-15 22:19:00,SES_0d22ef82b6,USR_24749,mobile,Control_Keyword,snapple peach tea diet,13,False,277.0,,,
EVT_2323a635,search_query_submitted,2026-07-15 22:50:00,SES_3f375f10b9,USR_65640,tablet,Variant_B_AI_Semantic,keurig single serve machine,42,False,155.0,,,
EVT_53aaefbf,search_result_clicked,2026-07-15 22:50:07,SES_3f375f10b9,USR_65640,tablet,Variant_B_AI_Semantic,keurig single serve machine,42,False,,KDP_SKU_1024,2.0,
EVT_b47f6f78,search_query_submitted,2026-07-16 00:09:00,SES_0b3a4ba309,USR_92764,mobile,Control_Keyword,dr pepper zero sugar 12oz,19,False,261.0,,,
EVT_50d90bd1,search_result_clicked,2026-07-16 00:09:03,SES_0b3a4ba309,USR_92764,mobile,Control_Keyword,dr pepper zero sugar 12oz,19,False,,KDP_SKU_1082,7.0,
EVT_98c781f7,search_query_submitted,2026-07-16 00:14:00,SES_91dcdf5563,USR_49586,desktop,Control_Keyword,drpepr zero,15,False,527.0,,,
EVT_34e9671e,search_result_clicked,2026-07-16 00:14:07,SES_91dcdf5563,USR_49586,desktop,Control_Keyword,drpepr zero,15,False,,KDP_SKU_1083,4.0,
EVT_d939dc6d,search_to_cart_added,2026-07-16 00:14:47,SES_91dcdf5563,USR_49586,desktop,Control_Keyword,drpepr zero,15,False,,KDP_SKU_1083,4.0,31.71
EVT_6e01d666,search_query_submitted,2026-07-16 00:22:00,SES_c6c13815ce,USR_92317,desktop,Variant_B_AI_Semantic,drpepr zero,18,False,219.0,,,
EVT_65f36814,search_query_submitted,2026-07-16 00:51:00,SES_88c6e7d649,USR_18822,mobile,Variant_B_AI_Semantic,dr pepper zero sugar 12oz,17,False,103.0,,,
EVT_868db270,search_result_clicked,2026-07-16 00:51:08,SES_88c6e7d649,USR_18822,mobile,Variant_B_AI_Semantic,dr pepper zero sugar 12oz,17,False,,KDP_SKU_1044,2.0,
EVT_130d32a7,search_to_cart_added,2026-07-16 00:51:40,SES_88c6e7d649,USR_18822,mobile,Variant_B_AI_Semantic,dr pepper zero sugar 12oz,17,False,,KDP_SKU_1044,2.0,18.72
EVT_62fab3f4,search_query_submitted,2026-07-16 00:52:00,SES_d964b54a17,USR_97294,mobile,Control_Keyword,cherry vanilla soda,23,False,339.0,,,
EVT_c360d682,search_query_submitted,2026-07-16 01:58:00,SES_cc1924eed3,USR_33642,tablet,Control_Keyword,kcup pods discount,10,False,246.0,,,
EVT_5b194cf1,search_query_submitted,2026-07-16 03:11:00,SES_599eb0a438,USR_29442,mobile,Variant_B_AI_Semantic,drpepr zero,45,False,220.0,,,
EVT_4d66c10d,search_result_clicked,2026-07-16 03:11:10,SES_599eb0a438,USR_29442,mobile,Variant_B_AI_Semantic,drpepr zero,45,False,,KDP_SKU_1026,2.0,
EVT_358d67b4,search_query_submitted,2026-07-16 03:13:00,SES_ca10f962e4,USR_70415,tablet,Control_Keyword,caffeine free organic energy drink,0,True,552.0,,,
EVT_9e9ab879,search_query_submitted,2026-07-16 05:38:00,SES_ca1542b70f,USR_60351,mobile,Control_Keyword,espresso pods hazelnut,7,False,596.0,,,
EVT_828fcb3d,search_query_submitted,2026-07-16 06:02:00,SES_2af819e581,USR_21851,tablet,Variant_B_AI_Semantic,dr pepper zero sugar 12oz,10,False,135.0,,,
EVT_57f04042,search_query_submitted,2026-07-16 06:23:00,SES_843e6e3069,ANONYMOUS_GUEST,desktop,Variant_B_AI_Semantic,keurig single serve machine,24,False,154.0,,,
EVT_e8347f25,search_result_clicked,2026-07-16 06:23:05,SES_843e6e3069,ANONYMOUS_GUEST,desktop,Variant_B_AI_Semantic,keurig single serve machine,24,False,,KDP_SKU_1024,2.0,
EVT_1e3b8854,search_to_cart_added,2026-07-16 06:23:44,SES_843e6e3069,ANONYMOUS_GUEST,desktop,Variant_B_AI_Semantic,keurig single serve machine,24,False,,KDP_SKU_1024,2.0,12.83
EVT_779f118e,search_query_submitted,2026-07-16 06:38:00,SES_2c41f42e62,USR_91201,desktop,Variant_B_AI_Semantic,snapple peach tea diet,39,False,195.0,,,
EVT_344c6e4d,search_result_clicked,2026-07-16 06:38:05,SES_2c41f42e62,USR_91201,desktop,Variant_B_AI_Semantic,snapple peach tea diet,39,False,,KDP_SKU_1035,3.0,
EVT_46d7188f,search_query_submitted,2026-07-16 06:56:00,SES_3f0d8ef4ac,USR_85813,mobile,Control_Keyword,drpepr zero,11,False,394.0,,,
EVT_6864c732,search_result_clicked,2026-07-16 06:56:10,SES_3f0d8ef4ac,USR_85813,mobile,Control_Keyword,drpepr zero,11,False,,KDP_SKU_1027,1.0,
EVT_cba3e5a5,search_to_cart_added,2026-07-16 06:56:15,SES_3f0d8ef4ac,USR_85813,mobile,Control_Keyword,drpepr zero,11,False,,KDP_SKU_1027,1.0,10.07
EVT_ef2b16cc,search_query_submitted,2026-07-16 08:18:00,SES_548fba8d0d,USR_86550,mobile,Control_Keyword,dr pepper zero sugar 12oz,6,False,280.0,,,
EVT_2822afc7,search_query_submitted,2026-07-16 08:39:00,SES_a26b8a9782,USR_10221,tablet,Control_Keyword,espresso pods hazelnut,0,True,215.0,,,
EVT_cb45455d,search_query_submitted,2026-07-16 10:20:00,SES_345be55cf8,USR_49226,desktop,Variant_B_AI_Semantic,drpepr zero,32,False,218.0,,,
EVT_a174a98f,search_query_submitted,2026-07-16 11:19:00,SES_b053d4faf6,USR_69974,tablet,Variant_B_AI_Semantic,keurig single serve machine,13,False,204.0,,,
EVT_867fe538,search_result_clicked,2026-07-16 11:19:03,SES_b053d4faf6,USR_69974,tablet,Variant_B_AI_Semantic,keurig single serve machine,13,False,,KDP_SKU_1067,3.0,
EVT_c9204f54,search_to_cart_added,2026-07-16 11:19:25,SES_b053d4faf6,USR_69974,tablet,Variant_B_AI_Semantic,keurig single serve machine,13,False,,KDP_SKU_1067,3.0,16.07
EVT_fdbe4a64,search_query_submitted,2026-07-16 13:32:00,SES_1faa787148,ANONYMOUS_GUEST,mobile,Control_Keyword,vanilla flavored coffee,16,False,561.0,,,
EVT_4989f248,search_result_clicked,2026-07-16 13:32:15,SES_1faa787148,ANONYMOUS_GUEST,mobile,Control_Keyword,vanilla flavored coffee,16,False,,KDP_SKU_1050,9.0,
EVT_0146d143,search_to_cart_added,2026-07-16 13:32:21,SES_1faa787148,ANONYMOUS_GUEST,mobile,Control_Keyword,vanilla flavored coffee,16,False,,KDP_SKU_1050,9.0,22.04
EVT_19f8f385,search_query_submitted,2026-07-16 14:01:00,SES_105439c1aa,USR_27423,tablet,Variant_B_AI_Semantic,snapple peach tea diet,38,False,97.0,,,
EVT_128975f9,search_result_clicked,2026-07-16 14:01:13,SES_105439c1aa,USR_27423,tablet,Variant_B_AI_Semantic,snapple peach tea diet,38,False,,KDP_SKU_1010,3.0,
EVT_d29a6311,search_query_submitted,2026-07-16 14:36:00,SES_7a21a362b0,USR_22793,tablet,Variant_B_AI_Semantic,dr pepper zero sugar 12oz,43,False,126.0,,,
EVT_06297ddd,search_result_clicked,2026-07-16 14:36:14,SES_7a21a362b0,USR_22793,tablet,Variant_B_AI_Semantic,dr pepper zero sugar 12oz,43,False,,KDP_SKU_1061,1.0,
EVT_b3ae9ce6,search_query_submitted,2026-07-16 14:38:00,SES_f986989822,USR_78848,desktop,Control_Keyword,vanilla flavored coffee,5,False,335.0,,,
EVT_ebdd8e9f,search_query_submitted,2026-07-16 14:40:00,SES_c006f6a348,USR_90281,desktop,Control_Keyword,vanilla flavored coffee,21,False,630.0,,,
EVT_c3a28acc,search_result_clicked,2026-07-16 14:40:03,SES_c006f6a348,USR_90281,desktop,Control_Keyword,vanilla flavored coffee,21,False,,KDP_SKU_1058,6.0,
EVT_f7e09d42,search_to_cart_added,2026-07-16 14:40:31,SES_c006f6a348,USR_90281,desktop,Control_Keyword,vanilla flavored coffee,21,False,,KDP_SKU_1058,6.0,38.07
EVT_f1c011bd,search_query_submitted,2026-07-16 16:32:00,SES_30104a80e8,USR_98511,tablet,Control_Keyword,drpepr zero,8,False,446.0,,,
EVT_83b48bea,search_query_submitted,2026-07-16 16:39:00,SES_78ea0d6cdf,USR_23644,desktop,Variant_B_AI_Semantic,kcup pods discount,33,False,209.0,,,
EVT_1ab17fed,search_result_clicked,2026-07-16 16:39:10,SES_78ea0d6cdf,USR_23644,desktop,Variant_B_AI_Semantic,kcup pods discount,33,False,,KDP_SKU_1049,3.0,
EVT_19ee191a,search_query_submitted,2026-07-16 16:59:00,SES_5ec1d8b747,USR_15856,tablet,Variant_B_AI_Semantic,dr pepper zero sugar 12oz,44,False,195.0,,,
EVT_d10ebb99,search_result_clicked,2026-07-16 16:59:12,SES_5ec1d8b747,USR_15856,tablet,Variant_B_AI_Semantic,dr pepper zero sugar 12oz,44,False,,KDP_SKU_1055,3.0,
EVT_4c154b65,search_to_cart_added,2026-07-16 16:59:25,SES_5ec1d8b747,USR_15856,tablet,Variant_B_AI_Semantic,dr pepper zero sugar 12oz,44,False,,KDP_SKU_1055,3.0,34.5
EVT_7476296d,search_query_submitted,2026-07-16 17:07:00,SES_3b40b46c26,USR_84569,desktop,Control_Keyword,keurig single serve machine,8,False,349.0,,,
EVT_ec1ef1a4,search_result_clicked,2026-07-16 17:07:15,SES_3b40b46c26,USR_84569,desktop,Control_Keyword,keurig single serve machine,8,False,,KDP_SKU_1042,8.0,
EVT_fde34bda,search_to_cart_added,2026-07-16 17:07:28,SES_3b40b46c26,USR_84569,desktop,Control_Keyword,keurig single serve machine,8,False,,KDP_SKU_1042,8.0,8.01
EVT_b5a046b5,search_query_submitted,2026-07-16 17:36:00,SES_0e2553190b,USR_11231,desktop,Control_Keyword,kcup pods discount,25,False,598.0,,,
EVT_061a4780,search_result_clicked,2026-07-16 17:36:10,SES_0e2553190b,USR_11231,desktop,Control_Keyword,kcup pods discount,25,False,,KDP_SKU_1021,3.0,
EVT_0242c82a,search_query_submitted,2026-07-16 18:36:00,SES_1dcdc51e94,USR_71213,desktop,Control_Keyword,vanilla flavored coffee,3,False,386.0,,,
EVT_3c2e4998,search_result_clicked,2026-07-16 18:36:06,SES_1dcdc51e94,USR_71213,desktop,Control_Keyword,vanilla flavored coffee,3,False,,KDP_SKU_1016,4.0,
EVT_9804e309,search_query_submitted,2026-07-16 20:20:00,SES_43b9acc266,USR_22026,desktop,Control_Keyword,cherry vanilla soda,15,False,412.0,,,
EVT_84c7bbe3,search_result_clicked,2026-07-16 20:20:15,SES_43b9acc266,USR_22026,desktop,Control_Keyword,cherry vanilla soda,15,False,,KDP_SKU_1082,6.0,
EVT_08296152,search_query_submitted,2026-07-16 20:48:00,SES_f861e53cdc,USR_64493,desktop,Control_Keyword,espresso pods hazelnut,0,True,422.0,,,
EVT_7479ffe4,search_query_submitted,2026-07-16 20:49:00,SES_852c0b6d66,USR_86966,tablet,Control_Keyword,caffeine free organic energy drink,0,True,315.0,,,
EVT_d9eb6195,search_query_submitted,2026-07-16 21:03:00,SES_b792c5bdd8,USR_17157,desktop,Variant_B_AI_Semantic,espresso pods hazelnut,20,False,97.0,,,
EVT_3e4ec4b0,search_result_clicked,2026-07-16 21:03:10,SES_b792c5bdd8,USR_17157,desktop,Variant_B_AI_Semantic,espresso pods hazelnut,20,False,,KDP_SKU_1050,3.0,
EVT_8cd552cf,search_query_submitted,2026-07-16 22:26:00,SES_e88bc7c66b,USR_33567,desktop,Variant_B_AI_Semantic,drpepr zero,10,False,110.0,,,
EVT_fa38e7b0,search_result_clicked,2026-07-16 22:26:12,SES_e88bc7c66b,USR_33567,desktop,Variant_B_AI_Semantic,drpepr zero,10,False,,KDP_SKU_1013,3.0,
EVT_4032f420,search_query_submitted,2026-07-16 23:34:00,SES_55a4b78f50,USR_81765,mobile,Control_Keyword,espresso pods hazelnut,0,True,642.0,,,
EVT_1f96a54c,search_query_submitted,2026-07-16 23:52:00,SES_6f2afb95c0,USR_60967,desktop,Variant_B_AI_Semantic,dark roast k-cup,16,False,119.0,,,
EVT_bf1910da,search_query_submitted,2026-07-16 23:54:00,SES_d6ce442d46,USR_48761,tablet,Variant_B_AI_Semantic,kcup pods discount,27,False,160.0,,,
EVT_8d3c0e1b,search_query_submitted,2026-07-17 00:07:00,SES_a723235123,USR_12348,tablet,Control_Keyword,espresso pods hazelnut,0,True,629.0,,,
EVT_d2ec4d1e,search_query_submitted,2026-07-17 00:11:00,SES_20ead6efda,USR_32955,mobile,Control_Keyword,kcup pods discount,17,False,204.0,,,
EVT_c9588671,search_query_submitted,2026-07-17 00:19:00,SES_dc6e7a3a3b,USR_12853,desktop,Variant_B_AI_Semantic,espresso pods hazelnut,10,False,188.0,,,
EVT_0af90d0c,search_result_clicked,2026-07-17 00:19:04,SES_dc6e7a3a3b,USR_12853,desktop,Variant_B_AI_Semantic,espresso pods hazelnut,10,False,,KDP_SKU_1021,1.0,
EVT_14c093d2,search_query_submitted,2026-07-17 00:54:00,SES_73373a8710,USR_41188,tablet,Control_Keyword,keurig single serve machine,8,False,475.0,,,
EVT_75034381,search_query_submitted,2026-07-17 01:04:00,SES_0a251a27bb,USR_76003,mobile,Control_Keyword,dark roast k-cup,4,False,370.0,,,
EVT_787627f0,search_result_clicked,2026-07-17 01:04:10,SES_0a251a27bb,USR_76003,mobile,Control_Keyword,dark roast k-cup,4,False,,KDP_SKU_1006,2.0,
EVT_bb9d9aac,search_query_submitted,2026-07-17 01:43:00,SES_4767adebe9,ANONYMOUS_GUEST,mobile,Variant_B_AI_Semantic,dr pepper zero sugar 12oz,25,False,161.0,,,
EVT_176bf747,search_result_clicked,2026-07-17 01:43:10,SES_4767adebe9,ANONYMOUS_GUEST,mobile,Variant_B_AI_Semantic,dr pepper zero sugar 12oz,25,False,,KDP_SKU_1032,2.0,
EVT_964a565c,search_query_submitted,2026-07-17 01:55:00,SES_0ca90c2286,USR_91039,tablet,Control_Keyword,dark roast k-cup,5,False,522.0,,,
EVT_afc4563f,search_query_submitted,2026-07-17 02:41:00,SES_d622e0833b,USR_48426,tablet,Variant_B_AI_Semantic,kcup pods discount,16,False,201.0,,,
EVT_5afdbffa,search_query_submitted,2026-07-17 03:12:00,SES_4b4b9b77df,USR_67013,tablet,Control_Keyword,kcup pods discount,11,False,645.0,,,
EVT_39947e98,search_result_clicked,2026-07-17 03:12:10,SES_4b4b9b77df,USR_67013,tablet,Control_Keyword,kcup pods discount,11,False,,KDP_SKU_1034,2.0,
EVT_7dcf0427,search_query_submitted,2026-07-17 03:51:00,SES_adc0e2edc1,USR_99486,tablet,Control_Keyword,keurig single serve machine,22,False,620.0,,,
EVT_e2d2eea0,search_query_submitted,2026-07-17 04:26:00,SES_8152b86f2f,USR_28569,mobile,Variant_B_AI_Semantic,caffeine free organic energy drink,41,False,203.0,,,
EVT_a0b310c5,search_result_clicked,2026-07-17 04:26:10,SES_8152b86f2f,USR_28569,mobile,Variant_B_AI_Semantic,caffeine free organic energy drink,41,False,,KDP_SKU_1076,3.0,
EVT_eb06655b,search_to_cart_added,2026-07-17 04:26:34,SES_8152b86f2f,USR_28569,mobile,Variant_B_AI_Semantic,caffeine free organic energy drink,41,False,,KDP_SKU_1076,3.0,23.4
EVT_80177123,search_query_submitted,2026-07-17 05:38:00,SES_0402ffcdb6,USR_76209,tablet,Variant_B_AI_Semantic,kcup pods discount,33,False,103.0,,,
EVT_0b448237,search_result_clicked,2026-07-17 05:38:08,SES_0402ffcdb6,USR_76209,tablet,Variant_B_AI_Semantic,kcup pods discount,33,False,,KDP_SKU_1084,2.0,
EVT_e94ae602,search_to_cart_added,2026-07-17 05:38:26,SES_0402ffcdb6,USR_76209,tablet,Variant_B_AI_Semantic,kcup pods discount,33,False,,KDP_SKU_1084,2.0,45.49
EVT_a2f41a93,search_query_submitted,2026-07-17 05:54:00,SES_2351a1bb99,USR_37175,mobile,Control_Keyword,cherry vanilla soda,3,False,350.0,,,
EVT_f2c7bc6f,search_query_submitted,2026-07-17 06:58:00,SES_8cc1e47bf4,USR_25386,desktop,Control_Keyword,espresso pods hazelnut,0,True,481.0,,,
EVT_578a07d6,search_query_submitted,2026-07-17 07:52:00,SES_7e6fe85488,USR_52567,desktop,Variant_B_AI_Semantic,vanilla flavored coffee,38,False,108.0,,,
EVT_d7293dac,search_query_submitted,2026-07-17 08:07:00,SES_9e7a06e02d,USR_41005,tablet,Control_Keyword,snapple peach tea diet,20,False,194.0,,,
EVT_013c4092,search_query_submitted,2026-07-17 08:12:00,SES_d5a2d2487d,USR_12560,tablet,Control_Keyword,cherry vanilla soda,17,False,183.0,,,
EVT_a7cedc8a,search_result_clicked,2026-07-17 08:12:11,SES_d5a2d2487d,USR_12560,tablet,Control_Keyword,cherry vanilla soda,17,False,,KDP_SKU_1063,7.0,
EVT_7ba737dc,search_query_submitted,2026-07-17 08:41:00,SES_1386a9e9c5,USR_56076,desktop,Variant_B_AI_Semantic,dr pepper zero sugar 12oz,45,False,169.0,,,
EVT_601843af,search_result_clicked,2026-07-17 08:41:12,SES_1386a9e9c5,USR_56076,desktop,Variant_B_AI_Semantic,dr pepper zero sugar 12oz,45,False,,KDP_SKU_1019,3.0,
EVT_d2d33872,search_to_cart_added,2026-07-17 08:41:53,SES_1386a9e9c5,USR_56076,desktop,Variant_B_AI_Semantic,dr pepper zero sugar 12oz,45,False,,KDP_SKU_1019,3.0,41.6
EVT_0684f4cd,search_query_submitted,2026-07-17 09:05:00,SES_daa62c7213,USR_31842,mobile,Control_Keyword,caffeine free organic energy drink,0,True,625.0,,,
EVT_54025139,search_query_submitted,2026-07-17 09:09:00,SES_363d8322fb,USR_43730,mobile,Control_Keyword,snapple peach tea diet,16,False,186.0,,,
EVT_8ccb7932,search_result_clicked,2026-07-17 09:09:15,SES_363d8322fb,USR_43730,mobile,Control_Keyword,snapple peach tea diet,16,False,,KDP_SKU_1052,9.0,
EVT_ccafc300,search_query_submitted,2026-07-17 11:32:00,SES_2de147f17d,USR_96096,tablet,Variant_B_AI_Semantic,dark roast k-cup,22,False,179.0,,,
EVT_b0a3086a,search_query_submitted,2026-07-17 12:23:00,SES_a710402825,USR_59355,mobile,Control_Keyword,keurig single serve machine,3,False,229.0,,,
EVT_18ef4c71,search_result_clicked,2026-07-17 12:23:04,SES_a710402825,USR_59355,mobile,Control_Keyword,keurig single serve machine,3,False,,KDP_SKU_1008,1.0,
EVT_c185a675,search_query_submitted,2026-07-17 12:28:00,SES_633d61e202,USR_84798,desktop,Control_Keyword,vanilla flavored coffee,3,False,415.0,,,
EVT_f1dee93c,search_result_clicked,2026-07-17 12:28:06,SES_633d61e202,USR_84798,desktop,Control_Keyword,vanilla flavored coffee,3,False,,KDP_SKU_1037,10.0,
EVT_cb6cf17b,search_to_cart_added,2026-07-17 12:28:30,SES_633d61e202,USR_84798,desktop,Control_Keyword,vanilla flavored coffee,3,False,,KDP_SKU_1037,10.0,42.48
EVT_68fe219e,search_query_submitted,2026-07-17 14:16:00,SES_64ef66bdaa,USR_24733,desktop,Variant_B_AI_Semantic,espresso pods hazelnut,0,True,152.0,,,
EVT_0974eafd,search_query_submitted,2026-07-17 14:22:00,SES_2759c8b73a,USR_82215,desktop,Variant_B_AI_Semantic,cherry vanilla soda,22,False,194.0,,,
EVT_918bdf9c,search_result_clicked,2026-07-17 14:22:12,SES_2759c8b73a,USR_82215,desktop,Variant_B_AI_Semantic,cherry vanilla soda,22,False,,KDP_SKU_1062,1.0,
EVT_9fb8aea9,search_query_submitted,2026-07-17 14:42:00,SES_f0c668d0d7,USR_91048,tablet,Variant_B_AI_Semantic,drpepr zero,10,False,98.0,,,
EVT_3b477ab9,search_result_clicked,2026-07-17 14:42:07,SES_f0c668d0d7,USR_91048,tablet,Variant_B_AI_Semantic,drpepr zero,10,False,,KDP_SKU_1046,3.0,
EVT_1d6a391e,search_query_submitted,2026-07-17 14:59:00,SES_3e087c21bf,USR_83193,mobile,Control_Keyword,vanilla flavored coffee,22,False,475.0,,,
EVT_6f3176e5,search_query_submitted,2026-07-17 15:46:00,SES_8a7b882307,USR_18130,mobile,Control_Keyword,espresso pods hazelnut,0,True,196.0,,,
EVT_f9bee1bf,search_query_submitted,2026-07-17 16:11:00,SES_4d7fff4b8a,USR_38208,tablet,Control_Keyword,kcup pods discount,8,False,482.0,,,
EVT_03c73eda,search_query_submitted,2026-07-17 16:43:00,SES_e1ffb21dcf,USR_49576,tablet,Control_Keyword,dark roast k-cup,10,False,514.0,,,
EVT_ebaa671d,search_result_clicked,2026-07-17 16:43:10,SES_e1ffb21dcf,USR_49576,tablet,Control_Keyword,dark roast k-cup,10,False,,KDP_SKU_1064,2.0,
EVT_15204071,search_query_submitted,2026-07-17 17:13:00,SES_d2e3105593,USR_83812,mobile,Control_Keyword,kcup pods discount,25,False,310.0,,,
EVT_08fd9cf8,search_result_clicked,2026-07-17 17:13:03,SES_d2e3105593,USR_83812,mobile,Control_Keyword,kcup pods discount,25,False,,KDP_SKU_1055,7.0,
EVT_fe15864b,search_query_submitted,2026-07-17 17:29:00,SES_d77910aaef,USR_48455,mobile,Control_Keyword,cherry vanilla soda,23,False,514.0,,,
EVT_1f1588d3,search_query_submitted,2026-07-17 17:37:00,SES_75d22fdf26,USR_36309,desktop,Control_Keyword,dark roast k-cup,16,False,205.0,,,
EVT_d8337e06,search_result_clicked,2026-07-17 17:37:11,SES_75d22fdf26,USR_36309,desktop,Control_Keyword,dark roast k-cup,16,False,,KDP_SKU_1010,8.0,
EVT_04de8acc,search_query_submitted,2026-07-17 17:40:00,SES_183ed8d215,USR_82034,mobile,Control_Keyword,caffeine free organic energy drink,0,True,281.0,,,
EVT_f1c45930,search_query_submitted,2026-07-17 21:53:00,SES_92f0e9cccc,USR_66849,tablet,Control_Keyword,dark roast k-cup,18,False,282.0,,,
EVT_5f245de0,search_result_clicked,2026-07-17 21:53:09,SES_92f0e9cccc,USR_66849,tablet,Control_Keyword,dark roast k-cup,18,False,,KDP_SKU_1064,5.0,
EVT_ef1fdf1d,search_query_submitted,2026-07-17 22:33:00,SES_36ce1b8af7,USR_12872,tablet,Variant_B_AI_Semantic,keurig single serve machine,15,False,214.0,,,
EVT_83475930,search_result_clicked,2026-07-17 22:33:09,SES_36ce1b8af7,USR_12872,tablet,Variant_B_AI_Semantic,keurig single serve machine,15,False,,KDP_SKU_1011,3.0,
EVT_9756c342,search_query_submitted,2026-07-18 00:09:00,SES_ff976d23ef,USR_96235,tablet,Variant_B_AI_Semantic,drpepr zero,24,False,92.0,,,
EVT_bd533645,search_query_submitted,2026-07-18 01:13:00,SES_b5fc03b7b1,USR_72975,tablet,Variant_B_AI_Semantic,vanilla flavored coffee,45,False,206.0,,,
EVT_7864ce1e,search_result_clicked,2026-07-18 01:13:15,SES_b5fc03b7b1,USR_72975,tablet,Variant_B_AI_Semantic,vanilla flavored coffee,45,False,,KDP_SKU_1019,3.0,
EVT_651b0c47,search_to_cart_added,2026-07-18 01:13:46,SES_b5fc03b7b1,USR_72975,tablet,Variant_B_AI_Semantic,vanilla flavored coffee,45,False,,KDP_SKU_1019,3.0,41.6
EVT_d326182f,search_query_submitted,2026-07-18 01:40:00,SES_550af85493,USR_99487,mobile,Variant_B_AI_Semantic,keurig single serve machine,31,False,201.0,,,
EVT_5d21ebde,search_result_clicked,2026-07-18 01:40:03,SES_550af85493,USR_99487,mobile,Variant_B_AI_Semantic,keurig single serve machine,31,False,,KDP_SKU_1082,3.0,
EVT_b674259d,search_query_submitted,2026-07-18 01:46:00,SES_dc70cab092,USR_68841,desktop,Variant_B_AI_Semantic,dr pepper zero sugar 12oz,38,False,129.0,,,
EVT_eeff5d78,search_result_clicked,2026-07-18 01:46:10,SES_dc70cab092,USR_68841,desktop,Variant_B_AI_Semantic,dr pepper zero sugar 12oz,38,False,,KDP_SKU_1058,2.0,
EVT_9e98cc00,search_query_submitted,2026-07-18 02:55:00,SES_1f4d6d9dfd,USR_24993,desktop,Control_Keyword,caffeine free organic energy drink,0,True,572.0,,,
EVT_2919d0b3,search_query_submitted,2026-07-18 03:16:00,SES_4135b48111,USR_24663,tablet,Variant_B_AI_Semantic,keurig single serve machine,42,False,89.0,,,
EVT_caa2ad79,search_result_clicked,2026-07-18 03:16:03,SES_4135b48111,USR_24663,tablet,Variant_B_AI_Semantic,keurig single serve machine,42,False,,KDP_SKU_1005,1.0,
EVT_c1fc875b,search_to_cart_added,2026-07-18 03:16:10,SES_4135b48111,USR_24663,tablet,Variant_B_AI_Semantic,keurig single serve machine,42,False,,KDP_SKU_1005,1.0,38.39
EVT_9a32cfe5,search_query_submitted,2026-07-18 03:44:00,SES_d87977608f,USR_24544,desktop,Variant_B_AI_Semantic,dr pepper zero sugar 12oz,37,False,141.0,,,
EVT_78056336,search_result_clicked,2026-07-18 03:44:15,SES_d87977608f,USR_24544,desktop,Variant_B_AI_Semantic,dr pepper zero sugar 12oz,37,False,,KDP_SKU_1030,3.0,
EVT_957db353,search_query_submitted,2026-07-18 04:39:00,SES_3e4ad2cdd8,USR_33224,tablet,Control_Keyword,dark roast k-cup,5,False,416.0,,,
EVT_04cc2da4,search_result_clicked,2026-07-18 04:39:14,SES_3e4ad2cdd8,USR_33224,tablet,Control_Keyword,dark roast k-cup,5,False,,KDP_SKU_1030,4.0,
EVT_6b37309a,search_to_cart_added,2026-07-18 04:39:36,SES_3e4ad2cdd8,USR_33224,tablet,Control_Keyword,dark roast k-cup,5,False,,KDP_SKU_1030,4.0,32.55
EVT_1da7ec33,search_query_submitted,2026-07-18 04:54:00,SES_882460dff3,USR_75179,tablet,Variant_B_AI_Semantic,caffeine free organic energy drink,28,False,132.0,,,
EVT_be30bdc8,search_result_clicked,2026-07-18 04:54:14,SES_882460dff3,USR_75179,tablet,Variant_B_AI_Semantic,caffeine free organic energy drink,28,False,,KDP_SKU_1071,1.0,
EVT_36ed2c2c,search_to_cart_added,2026-07-18 04:54:35,SES_882460dff3,USR_75179,tablet,Variant_B_AI_Semantic,caffeine free organic energy drink,28,False,,KDP_SKU_1071,1.0,15.27
EVT_bb3de29c,search_query_submitted,2026-07-18 04:59:00,SES_916a4f4cff,USR_73691,mobile,Variant_B_AI_Semantic,drpepr zero,35,False,166.0,,,
EVT_5ee6044f,search_result_clicked,2026-07-18 04:59:06,SES_916a4f4cff,USR_73691,mobile,Variant_B_AI_Semantic,drpepr zero,35,False,,KDP_SKU_1071,2.0,
EVT_48e719e3,search_query_submitted,2026-07-18 05:39:00,SES_9d595a769d,USR_41862,desktop,Variant_B_AI_Semantic,drpepr zero,38,False,119.0,,,
EVT_58b95a00,search_result_clicked,2026-07-18 05:39:04,SES_9d595a769d,USR_41862,desktop,Variant_B_AI_Semantic,drpepr zero,38,False,,KDP_SKU_1066,2.0,
EVT_8c138ee5,search_query_submitted,2026-07-18 07:00:00,SES_dd1d9eaa8d,USR_32349,mobile,Variant_B_AI_Semantic,drpepr zero,25,False,103.0,,,
EVT_0b2068db,search_result_clicked,2026-07-18 07:00:09,SES_dd1d9eaa8d,USR_32349,mobile,Variant_B_AI_Semantic,drpepr zero,25,False,,KDP_SKU_1065,2.0,
EVT_b2f7d72e,search_query_submitted,2026-07-18 07:01:00,SES_d0a0c1b5b1,ANONYMOUS_GUEST,desktop,Control_Keyword,cherry vanilla soda,5,False,561.0,,,
EVT_e49e2db6,search_query_submitted,2026-07-18 07:37:00,SES_5eba702dce,USR_91689,desktop,Control_Keyword,keurig single serve machine,5,False,381.0,,,
EVT_d0cd7f88,search_result_clicked,2026-07-18 07:37:15,SES_5eba702dce,USR_91689,desktop,Control_Keyword,keurig single serve machine,5,False,,KDP_SKU_1032,6.0,
EVT_b7ccf4cb,search_to_cart_added,2026-07-18 07:37:58,SES_5eba702dce,USR_91689,desktop,Control_Keyword,keurig single serve machine,5,False,,KDP_SKU_1032,6.0,38.1
EVT_6e3361dd,search_query_submitted,2026-07-18 08:47:00,SES_5c58316937,USR_18569,desktop,Variant_B_AI_Semantic,espresso pods hazelnut,0,True,176.0,,,
EVT_e541e9bc,search_query_submitted,2026-07-18 10:03:00,SES_db38af76ce,USR_13883,mobile,Control_Keyword,caffeine free organic energy drink,0,True,463.0,,,
EVT_47d81820,search_query_submitted,2026-07-18 11:03:00,SES_fe3dadfa9d,ANONYMOUS_GUEST,desktop,Variant_B_AI_Semantic,cherry vanilla soda,36,False,160.0,,,
EVT_2ac22e3d,search_result_clicked,2026-07-18 11:03:11,SES_fe3dadfa9d,ANONYMOUS_GUEST,desktop,Variant_B_AI_Semantic,cherry vanilla soda,36,False,,KDP_SKU_1036,1.0,
EVT_a993569b,search_query_submitted,2026-07-18 11:06:00,SES_29207c5b4e,USR_20161,tablet,Control_Keyword,caffeine free organic energy drink,0,True,360.0,,,
EVT_d2ce04f3,search_query_submitted,2026-07-18 11:52:00,SES_81b8332a48,USR_80504,tablet,Control_Keyword,dr pepper zero sugar 12oz,24,False,406.0,,,
EVT_d7ed875e,search_query_submitted,2026-07-18 12:28:00,SES_9e733f8a42,USR_13861,mobile,Control_Keyword,vanilla flavored coffee,24,False,410.0,,,
EVT_a8ca9c80,search_query_submitted,2026-07-18 14:04:00,SES_54ee13e22c,USR_21003,desktop,Control_Keyword,caffeine free organic energy drink,0,True,313.0,,,
EVT_914e10a4,search_query_submitted,2026-07-18 15:51:00,SES_6f54ba1a23,USR_83339,desktop,Control_Keyword,drpepr zero,18,False,266.0,,,
EVT_11326b68,search_result_clicked,2026-07-18 15:51:10,SES_6f54ba1a23,USR_83339,desktop,Control_Keyword,drpepr zero,18,False,,KDP_SKU_1054,5.0,
EVT_2440e6f1,search_to_cart_added,2026-07-18 15:51:25,SES_6f54ba1a23,USR_83339,desktop,Control_Keyword,drpepr zero,18,False,,KDP_SKU_1054,5.0,47.2
EVT_205d4ee4,search_query_submitted,2026-07-18 17:47:00,SES_a1f0a1aa46,USR_64949,tablet,Variant_B_AI_Semantic,espresso pods hazelnut,42,False,84.0,,,
EVT_132f4fa4,search_result_clicked,2026-07-18 17:47:15,SES_a1f0a1aa46,USR_64949,tablet,Variant_B_AI_Semantic,espresso pods hazelnut,42,False,,KDP_SKU_1035,3.0,
EVT_332713b2,search_query_submitted,2026-07-18 17:56:00,SES_3e9e15743f,ANONYMOUS_GUEST,desktop,Control_Keyword,caffeine free organic energy drink,0,True,271.0,,,
EVT_4003cc3e,search_query_submitted,2026-07-18 18:18:00,SES_5839f49a93,USR_76692,desktop,Variant_B_AI_Semantic,espresso pods hazelnut,0,True,173.0,,,
EVT_3ccfc48e,search_query_submitted,2026-07-18 19:53:00,SES_61155f6c74,USR_62941,desktop,Control_Keyword,kcup pods discount,9,False,181.0,,,
EVT_d0982fee,search_query_submitted,2026-07-18 20:23:00,SES_6d5216cbbc,USR_58551,tablet,Control_Keyword,dark roast k-cup,22,False,216.0,,,
EVT_96e40c8d,search_result_clicked,2026-07-18 20:23:07,SES_6d5216cbbc,USR_58551,tablet,Control_Keyword,dark roast k-cup,22,False,,KDP_SKU_1022,1.0,
EVT_6406e547,search_query_submitted,2026-07-18 21:28:00,SES_5e674bfdf2,USR_91412,desktop,Variant_B_AI_Semantic,snapple peach tea diet,32,False,109.0,,,
EVT_67d30181,search_query_submitted,2026-07-18 21:59:00,SES_30f81c5f46,USR_84747,mobile,Control_Keyword,kcup pods discount,11,False,217.0,,,
EVT_25795ac0,search_query_submitted,2026-07-18 22:31:00,SES_a9d9acbd38,ANONYMOUS_GUEST,desktop,Control_Keyword,snapple peach tea diet,12,False,247.0,,,
EVT_f6ee4a56,search_query_submitted,2026-07-18 23:12:00,SES_e52829d4cf,USR_72469,tablet,Variant_B_AI_Semantic,caffeine free organic energy drink,31,False,127.0,,,
EVT_8c1ce0f4,search_result_clicked,2026-07-18 23:12:06,SES_e52829d4cf,USR_72469,tablet,Variant_B_AI_Semantic,caffeine free organic energy drink,31,False,,KDP_SKU_1005,1.0,
EVT_860b1d50,search_to_cart_added,2026-07-18 23:12:11,SES_e52829d4cf,USR_72469,tablet,Variant_B_AI_Semantic,caffeine free organic energy drink,31,False,,KDP_SKU_1005,1.0,38.39
EVT_4f1454e5,search_query_submitted,2026-07-19 02:38:00,SES_3867a1b020,USR_20009,desktop,Control_Keyword,keurig single serve machine,12,False,255.0,,,
EVT_bf0b3f7b,search_query_submitted,2026-07-19 02:40:00,SES_eeda180979,USR_89036,tablet,Control_Keyword,cherry vanilla soda,14,False,284.0,,,
EVT_2621c790,search_result_clicked,2026-07-19 02:40:08,SES_eeda180979,USR_89036,tablet,Control_Keyword,cherry vanilla soda,14,False,,KDP_SKU_1021,2.0,
EVT_a0cc6be1,search_query_submitted,2026-07-19 04:28:00,SES_a7448a67c3,USR_61355,tablet,Variant_B_AI_Semantic,keurig single serve machine,9,False,220.0,,,
EVT_d085b1b5,search_result_clicked,2026-07-19 04:28:15,SES_a7448a67c3,USR_61355,tablet,Variant_B_AI_Semantic,keurig single serve machine,9,False,,KDP_SKU_1035,2.0,
EVT_b54e03f6,search_to_cart_added,2026-07-19 04:28:24,SES_a7448a67c3,USR_61355,tablet,Variant_B_AI_Semantic,keurig single serve machine,9,False,,KDP_SKU_1035,2.0,22.65
EVT_7c2ad784,search_query_submitted,2026-07-19 04:29:00,SES_c8ec50a7b2,USR_26401,mobile,Control_Keyword,drpepr zero,3,False,292.0,,,
EVT_34b5dcdc,search_query_submitted,2026-07-19 05:01:00,SES_95e355de37,ANONYMOUS_GUEST,desktop,Variant_B_AI_Semantic,keurig single serve machine,34,False,205.0,,,
EVT_dc96d245,search_query_submitted,2026-07-19 05:05:00,SES_75f644603b,USR_13862,mobile,Control_Keyword,espresso pods hazelnut,0,True,639.0,,,
EVT_7a1b6b83,search_query_submitted,2026-07-19 05:11:00,SES_bd6202f3e1,USR_85481,mobile,Control_Keyword,cherry vanilla soda,10,False,598.0,,,
EVT_3c4fb5ba,search_query_submitted,2026-07-19 05:12:00,SES_df6fa587bb,ANONYMOUS_GUEST,mobile,Control_Keyword,keurig single serve machine,7,False,611.0,,,
EVT_b58c6d62,search_query_submitted,2026-07-19 06:42:00,SES_7ec212ccbe,USR_88005,desktop,Control_Keyword,espresso pods hazelnut,0,True,582.0,,,
EVT_a09d50ea,search_query_submitted,2026-07-19 07:26:00,SES_68541e6d82,USR_53456,mobile,Variant_B_AI_Semantic,dark roast k-cup,18,False,190.0,,,
EVT_ae83d535,search_result_clicked,2026-07-19 07:26:05,SES_68541e6d82,USR_53456,mobile,Variant_B_AI_Semantic,dark roast k-cup,18,False,,KDP_SKU_1029,2.0,
EVT_3f487779,search_to_cart_added,2026-07-19 07:26:21,SES_68541e6d82,USR_53456,mobile,Variant_B_AI_Semantic,dark roast k-cup,18,False,,KDP_SKU_1029,2.0,43.28
EVT_7e0504f3,search_query_submitted,2026-07-19 07:50:00,SES_625cb9de77,USR_73886,tablet,Variant_B_AI_Semantic,dr pepper zero sugar 12oz,22,False,200.0,,,
EVT_9f842f5a,search_result_clicked,2026-07-19 07:50:11,SES_625cb9de77,USR_73886,tablet,Variant_B_AI_Semantic,dr pepper zero sugar 12oz,22,False,,KDP_SKU_1048,1.0,
EVT_3659e8de,search_query_submitted,2026-07-19 08:18:00,SES_b4d4b03014,USR_44179,tablet,Variant_B_AI_Semantic,snapple peach tea diet,23,False,147.0,,,
EVT_2224343f,search_result_clicked,2026-07-19 08:18:08,SES_b4d4b03014,USR_44179,tablet,Variant_B_AI_Semantic,snapple peach tea diet,23,False,,KDP_SKU_1016,2.0,
EVT_c12d32ad,search_query_submitted,2026-07-19 09:02:00,SES_9c8cb19e52,USR_39102,mobile,Control_Keyword,dark roast k-cup,15,False,207.0,,,
EVT_092e9f4d,search_result_clicked,2026-07-19 09:02:08,SES_9c8cb19e52,USR_39102,mobile,Control_Keyword,dark roast k-cup,15,False,,KDP_SKU_1022,2.0,
EVT_6b227185,search_to_cart_added,2026-07-19 09:02:33,SES_9c8cb19e52,USR_39102,mobile,Control_Keyword,dark roast k-cup,15,False,,KDP_SKU_1022,2.0,36.71
EVT_fe9db956,search_query_submitted,2026-07-19 09:30:00,SES_f3f716545f,USR_88852,desktop,Variant_B_AI_Semantic,cherry vanilla soda,31,False,103.0,,,
EVT_f234898c,search_query_submitted,2026-07-19 09:37:00,SES_1a09d9fcda,ANONYMOUS_GUEST,mobile,Control_Keyword,keurig single serve machine,3,False,608.0,,,
EVT_6cd8123b,search_result_clicked,2026-07-19 09:37:03,SES_1a09d9fcda,ANONYMOUS_GUEST,mobile,Control_Keyword,keurig single serve machine,3,False,,KDP_SKU_1013,5.0,
EVT_47c2289d,search_to_cart_added,2026-07-19 09:37:44,SES_1a09d9fcda,ANONYMOUS_GUEST,mobile,Control_Keyword,keurig single serve machine,3,False,,KDP_SKU_1013,5.0,7.16
EVT_b494092b,search_query_submitted,2026-07-19 11:13:00,SES_fb7d36f6bc,USR_50001,desktop,Control_Keyword,espresso pods hazelnut,0,True,278.0,,,
EVT_fa85f3f2,search_query_submitted,2026-07-19 12:17:00,SES_ef2c247b86,USR_57151,desktop,Variant_B_AI_Semantic,keurig single serve machine,13,False,150.0,,,
EVT_9c2ab81c,search_result_clicked,2026-07-19 12:17:06,SES_ef2c247b86,USR_57151,desktop,Variant_B_AI_Semantic,keurig single serve machine,13,False,,KDP_SKU_1030,3.0,
EVT_23f4c0ff,search_query_submitted,2026-07-19 13:07:00,SES_0805bf1249,USR_57663,mobile,Variant_B_AI_Semantic,drpepr zero,40,False,131.0,,,
EVT_9b76dfec,search_result_clicked,2026-07-19 13:07:13,SES_0805bf1249,USR_57663,mobile,Variant_B_AI_Semantic,drpepr zero,40,False,,KDP_SKU_1035,1.0,
EVT_664ac242,search_to_cart_added,2026-07-19 13:07:54,SES_0805bf1249,USR_57663,mobile,Variant_B_AI_Semantic,drpepr zero,40,False,,KDP_SKU_1035,1.0,22.65
EVT_a39ecafd,search_query_submitted,2026-07-19 13:34:00,SES_9bf3dc351e,USR_84349,mobile,Control_Keyword,snapple peach tea diet,23,False,335.0,,,
EVT_3215c70c,search_result_clicked,2026-07-19 13:34:08,SES_9bf3dc351e,USR_84349,mobile,Control_Keyword,snapple peach tea diet,23,False,,KDP_SKU_1041,9.0,
EVT_add2b145,search_to_cart_added,2026-07-19 13:34:42,SES_9bf3dc351e,USR_84349,mobile,Control_Keyword,snapple peach tea diet,23,False,,KDP_SKU_1041,9.0,36.99
EVT_1bcc8585,search_query_submitted,2026-07-19 13:47:00,SES_5f7ad2afe2,USR_65460,desktop,Control_Keyword,caffeine free organic energy drink,17,False,478.0,,,
EVT_960e3113,search_query_submitted,2026-07-19 14:40:00,SES_ae44003fc0,USR_96363,mobile,Control_Keyword,dark roast k-cup,3,False,425.0,,,
EVT_7ca04b5a,search_result_clicked,2026-07-19 14:40:04,SES_ae44003fc0,USR_96363,mobile,Control_Keyword,dark roast k-cup,3,False,,KDP_SKU_1081,8.0,
EVT_77c43c67,search_query_submitted,2026-07-19 15:25:00,SES_9adf6aba49,USR_49309,tablet,Variant_B_AI_Semantic,snapple peach tea diet,20,False,186.0,,,
EVT_89f47a2a,search_result_clicked,2026-07-19 15:25:15,SES_9adf6aba49,USR_49309,tablet,Variant_B_AI_Semantic,snapple peach tea diet,20,False,,KDP_SKU_1040,3.0,
EVT_0c2400b8,search_query_submitted,2026-07-19 16:09:00,SES_7649712820,USR_95824,tablet,Variant_B_AI_Semantic,caffeine free organic energy drink,0,True,150.0,,,
EVT_b138ed52,search_query_submitted,2026-07-19 18:25:00,SES_8391a9fa66,USR_82339,tablet,Variant_B_AI_Semantic,cherry vanilla soda,37,False,139.0,,,
EVT_dad72f54,search_result_clicked,2026-07-19 18:25:09,SES_8391a9fa66,USR_82339,tablet,Variant_B_AI_Semantic,cherry vanilla soda,37,False,,KDP_SKU_1076,3.0,
EVT_7356c452,search_to_cart_added,2026-07-19 18:25:53,SES_8391a9fa66,USR_82339,tablet,Variant_B_AI_Semantic,cherry vanilla soda,37,False,,KDP_SKU_1076,3.0,23.4
EVT_3a70671b,search_query_submitted,2026-07-19 18:28:00,SES_a1810abde6,USR_20119,mobile,Control_Keyword,caffeine free organic energy drink,0,True,508.0,,,
EVT_c0c9cd0c,search_query_submitted,2026-07-19 19:32:00,SES_ce83a39beb,USR_35144,mobile,Variant_B_AI_Semantic,keurig single serve machine,44,False,157.0,,,
EVT_7dab7171,search_result_clicked,2026-07-19 19:32:06,SES_ce83a39beb,USR_35144,mobile,Variant_B_AI_Semantic,keurig single serve machine,44,False,,KDP_SKU_1083,2.0,
EVT_85206280,search_query_submitted,2026-07-19 19:33:00,SES_419665eb69,USR_94136,mobile,Control_Keyword,espresso pods hazelnut,0,True,530.0,,,
EVT_0bcae53c,search_query_submitted,2026-07-19 19:41:00,SES_d60f4bd5af,USR_93816,desktop,Control_Keyword,vanilla flavored coffee,23,False,506.0,,,
EVT_c2e3848f,search_query_submitted,2026-07-19 20:08:00,SES_a42b29cc74,USR_22844,desktop,Variant_B_AI_Semantic,vanilla flavored coffee,43,False,83.0,,,
EVT_45ed842a,search_result_clicked,2026-07-19 20:08:06,SES_a42b29cc74,USR_22844,desktop,Variant_B_AI_Semantic,vanilla flavored coffee,43,False,,KDP_SKU_1021,2.0,
EVT_3bfd02d8,search_query_submitted,2026-07-19 20:25:00,SES_e208befd4c,USR_69497,mobile,Variant_B_AI_Semantic,dark roast k-cup,28,False,190.0,,,
EVT_8661569c,search_query_submitted,2026-07-19 20:27:00,SES_3bcc240091,USR_71918,desktop,Variant_B_AI_Semantic,dark roast k-cup,43,False,120.0,,,
EVT_e0176fb8,search_query_submitted,2026-07-19 20:52:00,SES_8c82d5b56b,USR_65876,desktop,Variant_B_AI_Semantic,vanilla flavored coffee,11,False,177.0,,,
EVT_3b20838f,search_query_submitted,2026-07-19 22:01:00,SES_5435984222,USR_58380,tablet,Variant_B_AI_Semantic,kcup pods discount,24,False,114.0,,,
EVT_2a45c7e5,search_result_clicked,2026-07-19 22:01:13,SES_5435984222,USR_58380,tablet,Variant_B_AI_Semantic,kcup pods discount,24,False,,KDP_SKU_1006,1.0,
EVT_c8720055,search_query_submitted,2026-07-19 22:04:00,SES_c420f9924a,USR_26334,mobile,Control_Keyword,kcup pods discount,11,False,521.0,,,
EVT_a338a7d4,search_query_submitted,2026-07-19 22:30:00,SES_fad659da23,USR_37862,desktop,Variant_B_AI_Semantic,keurig single serve machine,20,False,146.0,,,
EVT_e7b76813,search_query_submitted,2026-07-19 23:14:00,SES_a750773a87,USR_53963,tablet,Variant_B_AI_Semantic,cherry vanilla soda,13,False,81.0,,,
EVT_4b512896,search_result_clicked,2026-07-19 23:14:11,SES_a750773a87,USR_53963,tablet,Variant_B_AI_Semantic,cherry vanilla soda,13,False,,KDP_SKU_1023,1.0,
EVT_20313ee6,search_query_submitted,2026-07-20 00:10:00,SES_ab6b4be852,USR_88085,mobile,Variant_B_AI_Semantic,kcup pods discount,9,False,117.0,,,
EVT_4f60de3d,search_query_submitted,2026-07-20 00:10:00,SES_055b1a27be,USR_42716,tablet,Control_Keyword,keurig single serve machine,21,False,531.0,,,
EVT_b4f48fc1,search_result_clicked,2026-07-20 00:10:08,SES_ab6b4be852,USR_88085,mobile,Variant_B_AI_Semantic,kcup pods discount,9,False,,KDP_SKU_1077,1.0,
EVT_7ee7a1c0,search_result_clicked,2026-07-20 00:10:14,SES_055b1a27be,USR_42716,tablet,Control_Keyword,keurig single serve machine,21,False,,KDP_SKU_1074,8.0,
EVT_cf6d7dc7,search_to_cart_added,2026-07-20 00:10:30,SES_055b1a27be,USR_42716,tablet,Control_Keyword,keurig single serve machine,21,False,,KDP_SKU_1074,8.0,19.84
EVT_db4d5068,search_query_submitted,2026-07-20 00:40:00,SES_881de6f2ee,USR_52176,tablet,Control_Keyword,espresso pods hazelnut,0,True,299.0,,,
EVT_8a4b514f,search_query_submitted,2026-07-20 01:34:00,SES_61b22ff245,USR_77425,tablet,Control_Keyword,vanilla flavored coffee,6,False,564.0,,,
EVT_f713c896,search_query_submitted,2026-07-20 01:37:00,SES_d602082654,USR_63523,tablet,Variant_B_AI_Semantic,vanilla flavored coffee,18,False,164.0,,,
EVT_3bbbef5c,search_result_clicked,2026-07-20 01:37:15,SES_d602082654,USR_63523,tablet,Variant_B_AI_Semantic,vanilla flavored coffee,18,False,,KDP_SKU_1017,2.0,
EVT_6c6db5dd,search_query_submitted,2026-07-20 01:40:00,SES_a413b0c9e3,ANONYMOUS_GUEST,desktop,Variant_B_AI_Semantic,espresso pods hazelnut,41,False,165.0,,,
EVT_9a70590b,search_result_clicked,2026-07-20 01:40:10,SES_a413b0c9e3,ANONYMOUS_GUEST,desktop,Variant_B_AI_Semantic,espresso pods hazelnut,41,False,,KDP_SKU_1058,2.0,
EVT_ada74a7e,search_query_submitted,2026-07-20 01:42:00,SES_7c44f39d51,USR_33206,desktop,Control_Keyword,keurig single serve machine,25,False,350.0,,,
EVT_22079ee8,search_query_submitted,2026-07-20 03:43:00,SES_b2675c6680,USR_86735,tablet,Control_Keyword,kcup pods discount,6,False,381.0,,,
EVT_76620423,search_result_clicked,2026-07-20 03:43:12,SES_b2675c6680,USR_86735,tablet,Control_Keyword,kcup pods discount,6,False,,KDP_SKU_1041,8.0,
EVT_2e88893b,search_query_submitted,2026-07-20 05:09:00,SES_dd0893564c,USR_69459,tablet,Variant_B_AI_Semantic,kcup pods discount,34,False,119.0,,,
EVT_686a3357,search_query_submitted,2026-07-20 05:13:00,SES_cbd978e107,USR_34983,tablet,Control_Keyword,keurig single serve machine,4,False,321.0,,,
EVT_44aa0c74,search_query_submitted,2026-07-20 06:58:00,SES_79c5514e4e,USR_49294,desktop,Variant_B_AI_Semantic,snapple peach tea diet,29,False,108.0,,,
EVT_0f0f0ec2,search_query_submitted,2026-07-20 07:13:00,SES_7b6cdb289b,USR_39878,tablet,Variant_B_AI_Semantic,caffeine free organic energy drink,28,False,148.0,,,
EVT_954e2cb8,search_result_clicked,2026-07-20 07:13:06,SES_7b6cdb289b,USR_39878,tablet,Variant_B_AI_Semantic,caffeine free organic energy drink,28,False,,KDP_SKU_1055,2.0,
EVT_329a2d35,search_query_submitted,2026-07-20 07:43:00,SES_4837c1bb43,USR_32729,desktop,Variant_B_AI_Semantic,kcup pods discount,32,False,172.0,,,
EVT_3a61d989,search_query_submitted,2026-07-20 10:22:00,SES_97acd94312,USR_24160,desktop,Control_Keyword,cherry vanilla soda,16,False,555.0,,,
EVT_6d917c42,search_query_submitted,2026-07-20 10:49:00,SES_2f7b49740f,USR_57378,desktop,Control_Keyword,espresso pods hazelnut,0,True,650.0,,,
EVT_f31387a7,search_query_submitted,2026-07-20 11:42:00,SES_d5cac96b58,USR_43126,desktop,Variant_B_AI_Semantic,espresso pods hazelnut,8,False,157.0,,,
EVT_6b7a5965,search_result_clicked,2026-07-20 11:42:12,SES_d5cac96b58,USR_43126,desktop,Variant_B_AI_Semantic,espresso pods hazelnut,8,False,,KDP_SKU_1013,2.0,
EVT_15827990,search_query_submitted,2026-07-20 11:56:00,SES_fdcaad06dc,USR_14142,desktop,Variant_B_AI_Semantic,caffeine free organic energy drink,25,False,110.0,,,
EVT_fed44248,search_result_clicked,2026-07-20 11:56:14,SES_fdcaad06dc,USR_14142,desktop,Variant_B_AI_Semantic,caffeine free organic energy drink,25,False,,KDP_SKU_1038,3.0,
EVT_6c5b4c61,search_to_cart_added,2026-07-20 11:56:44,SES_fdcaad06dc,USR_14142,desktop,Variant_B_AI_Semantic,caffeine free organic energy drink,25,False,,KDP_SKU_1038,3.0,33.2
EVT_732644c4,search_query_submitted,2026-07-20 12:01:00,SES_c7de85069a,ANONYMOUS_GUEST,mobile,Control_Keyword,drpepr zero,18,False,641.0,,,
EVT_d49ec034,search_query_submitted,2026-07-20 12:45:00,SES_cf052abcc4,USR_80282,mobile,Control_Keyword,vanilla flavored coffee,20,False,546.0,,,
EVT_a474da58,search_query_submitted,2026-07-20 13:21:00,SES_8d8eefb557,USR_97445,tablet,Control_Keyword,kcup pods discount,11,False,629.0,,,
EVT_6dce23d2,search_query_submitted,2026-07-20 13:33:00,SES_232ca21329,USR_48116,mobile,Variant_B_AI_Semantic,snapple peach tea diet,23,False,178.0,,,
EVT_38cf42bd,search_query_submitted,2026-07-20 13:57:00,SES_5f124e1468,USR_83608,tablet,Control_Keyword,vanilla flavored coffee,15,False,361.0,,,
EVT_9e4b30f1,search_query_submitted,2026-07-20 14:18:00,SES_c02f6e2032,ANONYMOUS_GUEST,mobile,Variant_B_AI_Semantic,espresso pods hazelnut,43,False,215.0,,,
EVT_d3a20d15,search_result_clicked,2026-07-20 14:18:04,SES_c02f6e2032,ANONYMOUS_GUEST,mobile,Variant_B_AI_Semantic,espresso pods hazelnut,43,False,,KDP_SKU_1011,2.0,
EVT_d9533051,search_to_cart_added,2026-07-20 14:18:35,SES_c02f6e2032,ANONYMOUS_GUEST,mobile,Variant_B_AI_Semantic,espresso pods hazelnut,43,False,,KDP_SKU_1011,2.0,15.61
EVT_c9a8f004,search_query_submitted,2026-07-20 14:55:00,SES_083b2f507c,USR_61361,desktop,Variant_B_AI_Semantic,drpepr zero,9,False,137.0,,,
EVT_23995be5,search_query_submitted,2026-07-20 17:18:00,SES_a335f9c01a,USR_32898,mobile,Control_Keyword,snapple peach tea diet,23,False,340.0,,,
EVT_43ba2c54,search_result_clicked,2026-07-20 17:18:03,SES_a335f9c01a,USR_32898,mobile,Control_Keyword,snapple peach tea diet,23,False,,KDP_SKU_1084,1.0,
EVT_0074bbb0,search_query_submitted,2026-07-20 18:15:00,SES_fc59e25d8e,USR_20531,desktop,Control_Keyword,cherry vanilla soda,7,False,604.0,,,
EVT_0fcf758c,search_result_clicked,2026-07-20 18:15:13,SES_fc59e25d8e,USR_20531,desktop,Control_Keyword,cherry vanilla soda,7,False,,KDP_SKU_1045,9.0,
EVT_b9096ce4,search_query_submitted,2026-07-20 19:05:00,SES_a5a80bd5f7,ANONYMOUS_GUEST,mobile,Control_Keyword,keurig single serve machine,24,False,617.0,,,
EVT_d19c908f,search_result_clicked,2026-07-20 19:05:08,SES_a5a80bd5f7,ANONYMOUS_GUEST,mobile,Control_Keyword,keurig single serve machine,24,False,,KDP_SKU_1046,5.0,
EVT_d14a0060,search_query_submitted,2026-07-20 20:02:00,SES_552ce89b40,USR_11742,tablet,Variant_B_AI_Semantic,vanilla flavored coffee,27,False,140.0,,,
EVT_bb6902f6,search_result_clicked,2026-07-20 20:02:05,SES_552ce89b40,USR_11742,tablet,Variant_B_AI_Semantic,vanilla flavored coffee,27,False,,KDP_SKU_1073,1.0,
EVT_f9f44eca,search_to_cart_added,2026-07-20 20:02:28,SES_552ce89b40,USR_11742,tablet,Variant_B_AI_Semantic,vanilla flavored coffee,27,False,,KDP_SKU_1073,1.0,44.55
EVT_c7455bea,search_query_submitted,2026-07-20 20:45:00,SES_88ee16b7f8,USR_77009,mobile,Variant_B_AI_Semantic,vanilla flavored coffee,24,False,143.0,,,
EVT_e214877a,search_query_submitted,2026-07-20 21:00:00,SES_d500010d1c,USR_79533,desktop,Variant_B_AI_Semantic,vanilla flavored coffee,19,False,162.0,,,
EVT_b878e92b,search_result_clicked,2026-07-20 21:00:06,SES_d500010d1c,USR_79533,desktop,Variant_B_AI_Semantic,vanilla flavored coffee,19,False,,KDP_SKU_1063,1.0,
EVT_27864130,search_query_submitted,2026-07-20 22:10:00,SES_4ad076e8a5,ANONYMOUS_GUEST,tablet,Control_Keyword,cherry vanilla soda,12,False,587.0,,,
EVT_4dccd82d,search_result_clicked,2026-07-20 22:10:11,SES_4ad076e8a5,ANONYMOUS_GUEST,tablet,Control_Keyword,cherry vanilla soda,12,False,,KDP_SKU_1075,4.0,
EVT_a10351fc,search_query_submitted,2026-07-20 22:20:00,SES_5c60911fc0,USR_53544,mobile,Control_Keyword,snapple peach tea diet,16,False,351.0,,,
EVT_79c11ff5,search_query_submitted,2026-07-20 22:25:00,SES_3afaf7c3bb,USR_16028,desktop,Variant_B_AI_Semantic,dr pepper zero sugar 12oz,30,False,175.0,,,
EVT_f2b12aef,search_result_clicked,2026-07-20 22:25:13,SES_3afaf7c3bb,USR_16028,desktop,Variant_B_AI_Semantic,dr pepper zero sugar 12oz,30,False,,KDP_SKU_1027,3.0,
EVT_b4fc9aed,search_query_submitted,2026-07-20 22:36:00,SES_d62bf510a7,USR_82129,mobile,Variant_B_AI_Semantic,espresso pods hazelnut,0,True,208.0,,,
EVT_6a825b04,search_query_submitted,2026-07-20 22:41:00,SES_0237d77e89,ANONYMOUS_GUEST,tablet,Variant_B_AI_Semantic,caffeine free organic energy drink,8,False,107.0,,,
EVT_d72bee21,search_result_clicked,2026-07-20 22:41:15,SES_0237d77e89,ANONYMOUS_GUEST,tablet,Variant_B_AI_Semantic,caffeine free organic energy drink,8,False,,KDP_SKU_1056,2.0,
EVT_5d9ab8ac,search_to_cart_added,2026-07-20 22:41:22,SES_0237d77e89,ANONYMOUS_GUEST,tablet,Variant_B_AI_Semantic,caffeine free organic energy drink,8,False,,KDP_SKU_1056,2.0,32.79
EVT_a143c4e5,search_query_submitted,2026-07-20 23:02:00,SES_9dcc47a751,USR_20302,desktop,Variant_B_AI_Semantic,vanilla flavored coffee,9,False,203.0,,,
EVT_428473ea,search_result_clicked,2026-07-20 23:02:11,SES_9dcc47a751,USR_20302,desktop,Variant_B_AI_Semantic,vanilla flavored coffee,9,False,,KDP_SKU_1008,3.0,
EVT_da14886b,search_query_submitted,2026-07-20 23:48:00,SES_1f2116dc5e,USR_53152,tablet,Variant_B_AI_Semantic,vanilla flavored coffee,9,False,202.0,,,
EVT_50a25f96,search_result_clicked,2026-07-20 23:48:08,SES_1f2116dc5e,USR_53152,tablet,Variant_B_AI_Semantic,vanilla flavored coffee,9,False,,KDP_SKU_1047,3.0,
EVT_b0234e78,search_query_submitted,2026-07-21 01:27:00,SES_b9d3c67f17,USR_15387,tablet,Control_Keyword,snapple peach tea diet,21,False,242.0,,,
EVT_6938fbcf,search_query_submitted,2026-07-21 01:40:00,SES_d50b0afec8,USR_22393,desktop,Control_Keyword,cherry vanilla soda,17,False,510.0,,,
EVT_1f3e5ea7,search_result_clicked,2026-07-21 01:40:04,SES_d50b0afec8,USR_22393,desktop,Control_Keyword,cherry vanilla soda,17,False,,KDP_SKU_1079,6.0,
EVT_74a79719,search_query_submitted,2026-07-21 01:49:00,SES_4bc85e3e55,USR_34535,desktop,Variant_B_AI_Semantic,drpepr zero,24,False,107.0,,,
EVT_7aca232f,search_result_clicked,2026-07-21 01:49:03,SES_4bc85e3e55,USR_34535,desktop,Variant_B_AI_Semantic,drpepr zero,24,False,,KDP_SKU_1050,1.0,
EVT_73c9c382,search_to_cart_added,2026-07-21 01:49:38,SES_4bc85e3e55,USR_34535,desktop,Variant_B_AI_Semantic,drpepr zero,24,False,,KDP_SKU_1050,1.0,22.04
EVT_ebbad934,search_query_submitted,2026-07-21 02:00:00,SES_c316faf384,USR_67484,mobile,Control_Keyword,keurig single serve machine,6,False,361.0,,,
EVT_086b44c5,search_result_clicked,2026-07-21 02:00:03,SES_c316faf384,USR_67484,mobile,Control_Keyword,keurig single serve machine,6,False,,KDP_SKU_1075,5.0,
EVT_fcf90684,search_to_cart_added,2026-07-21 02:00:34,SES_c316faf384,USR_67484,mobile,Control_Keyword,keurig single serve machine,6,False,,KDP_SKU_1075,5.0,34.83
EVT_b32980d4,search_query_submitted,2026-07-21 02:24:00,SES_c3e1d912d4,USR_98907,mobile,Control_Keyword,drpepr zero,25,False,184.0,,,
EVT_836a7dfc,search_result_clicked,2026-07-21 02:24:15,SES_c3e1d912d4,USR_98907,mobile,Control_Keyword,drpepr zero,25,False,,KDP_SKU_1036,2.0,
EVT_5668182a,search_query_submitted,2026-07-21 02:50:00,SES_1221ab6f8e,USR_99327,mobile,Control_Keyword,drpepr zero,23,False,335.0,,,
EVT_c4e1a406,search_query_submitted,2026-07-21 03:21:00,SES_e9b53967a4,USR_79109,tablet,Variant_B_AI_Semantic,dr pepper zero sugar 12oz,12,False,187.0,,,
EVT_530ef36f,search_result_clicked,2026-07-21 03:21:03,SES_e9b53967a4,USR_79109,tablet,Variant_B_AI_Semantic,dr pepper zero sugar 12oz,12,False,,KDP_SKU_1010,1.0,
EVT_3694ad3a,search_query_submitted,2026-07-21 04:39:00,SES_207c656f3e,USR_44795,tablet,Variant_B_AI_Semantic,cherry vanilla soda,30,False,160.0,,,
EVT_f47e18c5,search_result_clicked,2026-07-21 04:39:12,SES_207c656f3e,USR_44795,tablet,Variant_B_AI_Semantic,cherry vanilla soda,30,False,,KDP_SKU_1013,2.0,
EVT_f82fe53f,search_to_cart_added,2026-07-21 04:39:19,SES_207c656f3e,USR_44795,tablet,Variant_B_AI_Semantic,cherry vanilla soda,30,False,,KDP_SKU_1013,2.0,7.16
EVT_8669c0e2,search_query_submitted,2026-07-21 06:13:00,SES_4781c44c73,USR_83010,desktop,Variant_B_AI_Semantic,kcup pods discount,14,False,92.0,,,
EVT_248059cd,search_query_submitted,2026-07-21 06:52:00,SES_a19a288eb2,ANONYMOUS_GUEST,mobile,Control_Keyword,dr pepper zero sugar 12oz,6,False,546.0,,,
EVT_800081bb,search_result_clicked,2026-07-21 06:52:03,SES_a19a288eb2,ANONYMOUS_GUEST,mobile,Control_Keyword,dr pepper zero sugar 12oz,6,False,,KDP_SKU_1072,3.0,
EVT_b1704315,search_query_submitted,2026-07-21 06:54:00,SES_a234dc0919,USR_81516,tablet,Variant_B_AI_Semantic,dark roast k-cup,37,False,133.0,,,
EVT_ed6de223,search_query_submitted,2026-07-21 07:08:00,SES_9887acdcd5,USR_25826,mobile,Variant_B_AI_Semantic,keurig single serve machine,31,False,122.0,,,
EVT_5ef20066,search_result_clicked,2026-07-21 07:08:04,SES_9887acdcd5,USR_25826,mobile,Variant_B_AI_Semantic,keurig single serve machine,31,False,,KDP_SKU_1042,1.0,
EVT_db91f400,search_query_submitted,2026-07-21 07:48:00,SES_a7b1e01099,USR_64138,tablet,Variant_B_AI_Semantic,espresso pods hazelnut,12,False,125.0,,,
EVT_0df0f5ad,search_result_clicked,2026-07-21 07:48:10,SES_a7b1e01099,USR_64138,tablet,Variant_B_AI_Semantic,espresso pods hazelnut,12,False,,KDP_SKU_1024,2.0,
EVT_5ab90596,search_query_submitted,2026-07-21 08:06:00,SES_aa8ea71f4f,USR_15144,tablet,Control_Keyword,dark roast k-cup,8,False,329.0,,,
EVT_d93bcd42,search_result_clicked,2026-07-21 08:06:10,SES_aa8ea71f4f,USR_15144,tablet,Control_Keyword,dark roast k-cup,8,False,,KDP_SKU_1015,5.0,
EVT_cf7e8aaa,search_to_cart_added,2026-07-21 08:06:33,SES_aa8ea71f4f,USR_15144,tablet,Control_Keyword,dark roast k-cup,8,False,,KDP_SKU_1015,5.0,34.58
EVT_4796a486,search_query_submitted,2026-07-21 09:34:00,SES_b06e3b5edc,USR_31135,desktop,Variant_B_AI_Semantic,snapple peach tea diet,44,False,112.0,,,
EVT_2dafeb3b,search_result_clicked,2026-07-21 09:34:14,SES_b06e3b5edc,USR_31135,desktop,Variant_B_AI_Semantic,snapple peach tea diet,44,False,,KDP_SKU_1031,3.0,
EVT_98e53ed5,search_to_cart_added,2026-07-21 09:34:39,SES_b06e3b5edc,USR_31135,desktop,Variant_B_AI_Semantic,snapple peach tea diet,44,False,,KDP_SKU_1031,3.0,41.5
EVT_c81b5c9c,search_query_submitted,2026-07-21 10:29:00,SES_541a0e92fc,USR_70981,tablet,Control_Keyword,kcup pods discount,7,False,217.0,,,
EVT_94e03a0a,search_query_submitted,2026-07-21 10:59:00,SES_19d0f90590,USR_86449,tablet,Variant_B_AI_Semantic,cherry vanilla soda,24,False,132.0,,,
EVT_3f8bca4e,search_result_clicked,2026-07-21 10:59:13,SES_19d0f90590,USR_86449,tablet,Variant_B_AI_Semantic,cherry vanilla soda,24,False,,KDP_SKU_1030,3.0,
EVT_24268a3a,search_query_submitted,2026-07-21 11:58:00,SES_da6e0af205,USR_63690,mobile,Variant_B_AI_Semantic,snapple peach tea diet,42,False,91.0,,,
EVT_288de01e,search_result_clicked,2026-07-21 11:58:14,SES_da6e0af205,USR_63690,mobile,Variant_B_AI_Semantic,snapple peach tea diet,42,False,,KDP_SKU_1082,1.0,
EVT_31d258b3,search_to_cart_added,2026-07-21 11:58:59,SES_da6e0af205,USR_63690,mobile,Variant_B_AI_Semantic,snapple peach tea diet,42,False,,KDP_SKU_1082,1.0,17.55
EVT_e53c4227,search_query_submitted,2026-07-21 11:59:00,SES_3eda5d866f,USR_16895,tablet,Variant_B_AI_Semantic,dark roast k-cup,13,False,149.0,,,
EVT_68b10004,search_result_clicked,2026-07-21 11:59:09,SES_3eda5d866f,USR_16895,tablet,Variant_B_AI_Semantic,dark roast k-cup,13,False,,KDP_SKU_1076,2.0,
EVT_ff3ecdec,search_to_cart_added,2026-07-21 11:59:46,SES_3eda5d866f,USR_16895,tablet,Variant_B_AI_Semantic,dark roast k-cup,13,False,,KDP_SKU_1076,2.0,23.4
EVT_e4498cca,search_query_submitted,2026-07-21 12:45:00,SES_ef84da0ce3,USR_22696,desktop,Variant_B_AI_Semantic,caffeine free organic energy drink,0,True,209.0,,,
EVT_0b65d3ea,search_query_submitted,2026-07-21 13:04:00,SES_9fa63bf357,USR_75064,tablet,Control_Keyword,kcup pods discount,5,False,504.0,,,
EVT_c60fa321,search_query_submitted,2026-07-21 14:26:00,SES_9ea03d129b,USR_57118,tablet,Variant_B_AI_Semantic,snapple peach tea diet,38,False,198.0,,,
EVT_76f33a80,search_result_clicked,2026-07-21 14:26:04,SES_9ea03d129b,USR_57118,tablet,Variant_B_AI_Semantic,snapple peach tea diet,38,False,,KDP_SKU_1019,3.0,
EVT_4d8c7d5f,search_to_cart_added,2026-07-21 14:26:47,SES_9ea03d129b,USR_57118,tablet,Variant_B_AI_Semantic,snapple peach tea diet,38,False,,KDP_SKU_1019,3.0,41.6
EVT_a1a75776,search_query_submitted,2026-07-21 15:58:00,SES_9d49a8feac,USR_38627,tablet,Control_Keyword,drpepr zero,4,False,449.0,,,
EVT_9db6a228,search_result_clicked,2026-07-21 15:58:04,SES_9d49a8feac,USR_38627,tablet,Control_Keyword,drpepr zero,4,False,,KDP_SKU_1041,10.0,
EVT_0ed66a5e,search_to_cart_added,2026-07-21 15:58:44,SES_9d49a8feac,USR_38627,tablet,Control_Keyword,drpepr zero,4,False,,KDP_SKU_1041,10.0,36.99
EVT_0f8eb902,search_query_submitted,2026-07-21 17:55:00,SES_3de758bd0a,USR_47629,desktop,Variant_B_AI_Semantic,cherry vanilla soda,31,False,177.0,,,
EVT_6eda06d9,search_query_submitted,2026-07-21 18:13:00,SES_2b3e6bd494,USR_29025,mobile,Control_Keyword,dark roast k-cup,11,False,588.0,,,
EVT_3d5a99ac,search_result_clicked,2026-07-21 18:13:13,SES_2b3e6bd494,USR_29025,mobile,Control_Keyword,dark roast k-cup,11,False,,KDP_SKU_1052,9.0,
EVT_5bbf47ed,search_query_submitted,2026-07-21 18:47:00,SES_4e61a9bac5,USR_44446,desktop,Control_Keyword,caffeine free organic energy drink,6,False,504.0,,,
EVT_2c3e6fa5,search_query_submitted,2026-07-21 19:26:00,SES_0aedcaa608,USR_60181,desktop,Control_Keyword,drpepr zero,6,False,527.0,,,
EVT_86b9c89e,search_result_clicked,2026-07-21 19:26:12,SES_0aedcaa608,USR_60181,desktop,Control_Keyword,drpepr zero,6,False,,KDP_SKU_1068,2.0,
EVT_08b4d62a,search_to_cart_added,2026-07-21 19:26:40,SES_0aedcaa608,USR_60181,desktop,Control_Keyword,drpepr zero,6,False,,KDP_SKU_1068,2.0,7.4
EVT_70829fc5,search_query_submitted,2026-07-21 19:50:00,SES_9cc2f9e45b,USR_61833,mobile,Variant_B_AI_Semantic,snapple peach tea diet,45,False,213.0,,,
EVT_025cd9bf,search_result_clicked,2026-07-21 19:50:05,SES_9cc2f9e45b,USR_61833,mobile,Variant_B_AI_Semantic,snapple peach tea diet,45,False,,KDP_SKU_1051,1.0,
EVT_06684720,search_query_submitted,2026-07-21 20:04:00,SES_721b3247a6,USR_54293,mobile,Variant_B_AI_Semantic,dark roast k-cup,45,False,111.0,,,
EVT_188288f1,search_result_clicked,2026-07-21 20:04:05,SES_721b3247a6,USR_54293,mobile,Variant_B_AI_Semantic,dark roast k-cup,45,False,,KDP_SKU_1043,3.0,
EVT_ceaf9ec1,search_query_submitted,2026-07-21 21:08:00,SES_bb1a6c2732,USR_50857,tablet,Variant_B_AI_Semantic,snapple peach tea diet,36,False,212.0,,,
EVT_c56445ee,search_result_clicked,2026-07-21 21:08:03,SES_bb1a6c2732,USR_50857,tablet,Variant_B_AI_Semantic,snapple peach tea diet,36,False,,KDP_SKU_1044,2.0,
EVT_ae698c72,search_query_submitted,2026-07-21 21:41:00,SES_134cbced09,USR_74154,tablet,Variant_B_AI_Semantic,dr pepper zero sugar 12oz,34,False,176.0,,,
EVT_7a27d3ad,search_result_clicked,2026-07-21 21:41:07,SES_134cbced09,USR_74154,tablet,Variant_B_AI_Semantic,dr pepper zero sugar 12oz,34,False,,KDP_SKU_1038,3.0,
EVT_b6838616,search_query_submitted,2026-07-21 21:45:00,SES_bdee19c2dd,USR_90199,mobile,Variant_B_AI_Semantic,espresso pods hazelnut,0,True,98.0,,,
EVT_e7ab214e,search_query_submitted,2026-07-21 23:36:00,SES_114ed075b4,USR_82544,mobile,Control_Keyword,kcup pods discount,12,False,360.0,,,
EVT_a33ae994,search_result_clicked,2026-07-21 23:36:14,SES_114ed075b4,USR_82544,mobile,Control_Keyword,kcup pods discount,12,False,,KDP_SKU_1084,2.0,
EVT_44179a56,search_to_cart_added,2026-07-21 23:36:26,SES_114ed075b4,USR_82544,mobile,Control_Keyword,kcup pods discount,12,False,,KDP_SKU_1084,2.0,45.49
EVT_75e8d9a2,search_query_submitted,2026-07-22 00:13:00,SES_3ff2dd1703,USR_42457,tablet,Variant_B_AI_Semantic,drpepr zero,20,False,172.0,,,
EVT_cf5b78e3,search_query_submitted,2026-07-22 01:21:00,SES_4006560255,ANONYMOUS_GUEST,desktop,Variant_B_AI_Semantic,keurig single serve machine,26,False,125.0,,,
EVT_6b815cfa,search_result_clicked,2026-07-22 01:21:04,SES_4006560255,ANONYMOUS_GUEST,desktop,Variant_B_AI_Semantic,keurig single serve machine,26,False,,KDP_SKU_1023,1.0,
EVT_f2f9a258,search_query_submitted,2026-07-22 02:18:00,SES_0d278bf3d4,USR_91142,tablet,Control_Keyword,kcup pods discount,8,False,515.0,,,
EVT_cd4a629f,search_result_clicked,2026-07-22 02:18:06,SES_0d278bf3d4,USR_91142,tablet,Control_Keyword,kcup pods discount,8,False,,KDP_SKU_1053,1.0,
EVT_dc705706,search_query_submitted,2026-07-22 03:04:00,SES_1b1ca1b534,USR_59602,mobile,Control_Keyword,snapple peach tea diet,5,False,181.0,,,
EVT_2a20fcf1,search_result_clicked,2026-07-22 03:04:03,SES_1b1ca1b534,USR_59602,mobile,Control_Keyword,snapple peach tea diet,5,False,,KDP_SKU_1055,3.0,
EVT_a50556da,search_query_submitted,2026-07-22 03:54:00,SES_93a3dad0f5,USR_99742,tablet,Variant_B_AI_Semantic,caffeine free organic energy drink,16,False,96.0,,,
EVT_ca6bce8a,search_result_clicked,2026-07-22 03:54:03,SES_93a3dad0f5,USR_99742,tablet,Variant_B_AI_Semantic,caffeine free organic energy drink,16,False,,KDP_SKU_1048,1.0,
EVT_213d4282,search_to_cart_added,2026-07-22 03:54:27,SES_93a3dad0f5,USR_99742,tablet,Variant_B_AI_Semantic,caffeine free organic energy drink,16,False,,KDP_SKU_1048,1.0,18.22
EVT_2a2ee342,search_query_submitted,2026-07-22 04:06:00,SES_a40f2a0eca,USR_60939,tablet,Control_Keyword,vanilla flavored coffee,13,False,360.0,,,
EVT_fb1677b6,search_query_submitted,2026-07-22 04:57:00,SES_2fd0123b02,USR_27245,desktop,Control_Keyword,drpepr zero,10,False,186.0,,,
EVT_ccc59c14,search_result_clicked,2026-07-22 04:57:12,SES_2fd0123b02,USR_27245,desktop,Control_Keyword,drpepr zero,10,False,,KDP_SKU_1015,1.0,
EVT_e7e77be6,search_query_submitted,2026-07-22 04:58:00,SES_54e43d20b7,USR_52432,tablet,Control_Keyword,snapple peach tea diet,2,False,257.0,,,
EVT_b97c0176,search_result_clicked,2026-07-22 04:58:04,SES_54e43d20b7,USR_52432,tablet,Control_Keyword,snapple peach tea diet,2,False,,KDP_SKU_1002,6.0,
EVT_9c0df9d7,search_query_submitted,2026-07-22 06:13:00,SES_4330607c0b,USR_69338,tablet,Variant_B_AI_Semantic,snapple peach tea diet,29,False,133.0,,,
EVT_345747aa,search_result_clicked,2026-07-22 06:13:05,SES_4330607c0b,USR_69338,tablet,Variant_B_AI_Semantic,snapple peach tea diet,29,False,,KDP_SKU_1039,3.0,
EVT_12f0b1ca,search_query_submitted,2026-07-22 06:31:00,SES_d961f712e2,USR_99959,mobile,Control_Keyword,vanilla flavored coffee,24,False,445.0,,,
EVT_9576c275,search_result_clicked,2026-07-22 06:31:09,SES_d961f712e2,USR_99959,mobile,Control_Keyword,vanilla flavored coffee,24,False,,KDP_SKU_1053,4.0,
EVT_16f0f71a,search_query_submitted,2026-07-22 06:41:00,SES_24963ae926,USR_61466,tablet,Variant_B_AI_Semantic,dark roast k-cup,37,False,212.0,,,
EVT_1572c14e,search_result_clicked,2026-07-22 06:41:13,SES_24963ae926,USR_61466,tablet,Variant_B_AI_Semantic,dark roast k-cup,37,False,,KDP_SKU_1001,2.0,
EVT_a05dfac3,search_to_cart_added,2026-07-22 06:41:56,SES_24963ae926,USR_61466,tablet,Variant_B_AI_Semantic,dark roast k-cup,37,False,,KDP_SKU_1001,2.0,34.12
EVT_f6353615,search_query_submitted,2026-07-22 07:22:00,SES_d56e79c1e2,USR_29305,desktop,Variant_B_AI_Semantic,vanilla flavored coffee,23,False,84.0,,,
EVT_17c84541,search_result_clicked,2026-07-22 07:22:11,SES_d56e79c1e2,USR_29305,desktop,Variant_B_AI_Semantic,vanilla flavored coffee,23,False,,KDP_SKU_1006,3.0,
EVT_1ee1b9ab,search_query_submitted,2026-07-22 07:58:00,SES_8e1378894f,USR_39829,tablet,Variant_B_AI_Semantic,espresso pods hazelnut,41,False,199.0,,,
EVT_a6cb8861,search_result_clicked,2026-07-22 07:58:09,SES_8e1378894f,USR_39829,tablet,Variant_B_AI_Semantic,espresso pods hazelnut,41,False,,KDP_SKU_1019,1.0,
EVT_081ee6b5,search_query_submitted,2026-07-22 09:43:00,SES_6de83ea7bb,USR_26691,desktop,Control_Keyword,dark roast k-cup,2,False,332.0,,,
EVT_599d8dc2,search_query_submitted,2026-07-22 11:24:00,SES_34060b2dbd,USR_23970,desktop,Control_Keyword,keurig single serve machine,24,False,445.0,,,
EVT_17d58bf9,search_query_submitted,2026-07-22 11:31:00,SES_6f45f9f4a7,USR_65542,tablet,Control_Keyword,caffeine free organic energy drink,0,True,596.0,,,
EVT_d33cf47f,search_query_submitted,2026-07-22 11:46:00,SES_244e32de0e,USR_89876,mobile,Variant_B_AI_Semantic,espresso pods hazelnut,0,True,86.0,,,
EVT_b194e8c0,search_query_submitted,2026-07-22 12:18:00,SES_b1d74ae0de,USR_51215,mobile,Variant_B_AI_Semantic,dark roast k-cup,29,False,134.0,,,
EVT_2c0f6312,search_result_clicked,2026-07-22 12:18:11,SES_b1d74ae0de,USR_51215,mobile,Variant_B_AI_Semantic,dark roast k-cup,29,False,,KDP_SKU_1076,1.0,
EVT_362ecb08,search_to_cart_added,2026-07-22 12:18:34,SES_b1d74ae0de,USR_51215,mobile,Variant_B_AI_Semantic,dark roast k-cup,29,False,,KDP_SKU_1076,1.0,23.4
EVT_fceb62c0,search_query_submitted,2026-07-22 14:10:00,SES_772d8a60b2,USR_32764,desktop,Control_Keyword,espresso pods hazelnut,0,True,398.0,,,
EVT_f9711ff0,search_query_submitted,2026-07-22 14:24:00,SES_e06b2f9b9b,USR_92292,desktop,Control_Keyword,drpepr zero,17,False,289.0,,,
EVT_ac7528f9,search_query_submitted,2026-07-22 15:36:00,SES_a4b9aa3460,USR_34874,tablet,Control_Keyword,snapple peach tea diet,12,False,554.0,,,
EVT_f4a6a3e8,search_query_submitted,2026-07-22 15:54:00,SES_efae148013,USR_42651,mobile,Control_Keyword,caffeine free organic energy drink,0,True,361.0,,,
EVT_a64c430f,search_query_submitted,2026-07-22 17:06:00,SES_b1d55255a6,USR_42118,tablet,Variant_B_AI_Semantic,cherry vanilla soda,17,False,126.0,,,
EVT_1cf6a99f,search_query_submitted,2026-07-22 17:19:00,SES_78ad9862ea,USR_72419,mobile,Variant_B_AI_Semantic,dark roast k-cup,42,False,119.0,,,
EVT_ec85939c,search_result_clicked,2026-07-22 17:19:03,SES_78ad9862ea,USR_72419,mobile,Variant_B_AI_Semantic,dark roast k-cup,42,False,,KDP_SKU_1071,3.0,
EVT_6a61061c,search_query_submitted,2026-07-22 17:57:00,SES_9573302e86,USR_53426,tablet,Variant_B_AI_Semantic,dr pepper zero sugar 12oz,37,False,110.0,,,
EVT_f1115fb6,search_result_clicked,2026-07-22 17:57:04,SES_9573302e86,USR_53426,tablet,Variant_B_AI_Semantic,dr pepper zero sugar 12oz,37,False,,KDP_SKU_1023,3.0,
EVT_6935297c,search_query_submitted,2026-07-22 18:04:00,SES_ee39353877,USR_29525,desktop,Control_Keyword,cherry vanilla soda,3,False,200.0,,,
EVT_d102dbcd,search_result_clicked,2026-07-22 18:04:11,SES_ee39353877,USR_29525,desktop,Control_Keyword,cherry vanilla soda,3,False,,KDP_SKU_1068,7.0,
EVT_94665e34,search_query_submitted,2026-07-22 18:05:00,SES_959b3b233c,USR_26575,tablet,Control_Keyword,caffeine free organic energy drink,0,True,221.0,,,
EVT_5b6dc401,search_query_submitted,2026-07-22 18:07:00,SES_7b732e7f58,USR_44970,tablet,Variant_B_AI_Semantic,vanilla flavored coffee,32,False,89.0,,,
EVT_e78f2a27,search_query_submitted,2026-07-22 18:15:00,SES_abcfe3ed65,USR_59668,mobile,Control_Keyword,kcup pods discount,4,False,329.0,,,
EVT_10e10bb0,search_query_submitted,2026-07-22 18:33:00,SES_9665c721d0,USR_94466,desktop,Variant_B_AI_Semantic,dr pepper zero sugar 12oz,13,False,205.0,,,
EVT_f6a8fa7a,search_query_submitted,2026-07-22 18:39:00,SES_64a59d91ad,USR_47707,tablet,Variant_B_AI_Semantic,vanilla flavored coffee,27,False,195.0,,,
EVT_84bf5831,search_query_submitted,2026-07-22 18:58:00,SES_29ec08cb25,USR_98125,mobile,Variant_B_AI_Semantic,snapple peach tea diet,14,False,139.0,,,
EVT_c827df77,search_result_clicked,2026-07-22 18:58:06,SES_29ec08cb25,USR_98125,mobile,Variant_B_AI_Semantic,snapple peach tea diet,14,False,,KDP_SKU_1012,3.0,
EVT_dd689901,search_query_submitted,2026-07-22 20:02:00,SES_799dd0527c,USR_95191,desktop,Variant_B_AI_Semantic,keurig single serve machine,10,False,153.0,,,
EVT_a336c2d8,search_result_clicked,2026-07-22 20:02:10,SES_799dd0527c,USR_95191,desktop,Variant_B_AI_Semantic,keurig single serve machine,10,False,,KDP_SKU_1034,3.0,
EVT_d04a9bfb,search_query_submitted,2026-07-22 20:36:00,SES_31ab52caee,USR_27342,tablet,Control_Keyword,drpepr zero,17,False,304.0,,,
EVT_7f8aa6e0,search_result_clicked,2026-07-22 20:36:13,SES_31ab52caee,USR_27342,tablet,Control_Keyword,drpepr zero,17,False,,KDP_SKU_1076,2.0,
EVT_33b73e93,search_query_submitted,2026-07-22 20:50:00,SES_f6e40d90c0,USR_20494,mobile,Variant_B_AI_Semantic,vanilla flavored coffee,14,False,96.0,,,
EVT_0662a2c6,search_result_clicked,2026-07-22 20:50:11,SES_f6e40d90c0,USR_20494,mobile,Variant_B_AI_Semantic,vanilla flavored coffee,14,False,,KDP_SKU_1076,2.0,
EVT_0c30b11d,search_query_submitted,2026-07-22 23:07:00,SES_03bc82f933,USR_85784,mobile,Variant_B_AI_Semantic,dr pepper zero sugar 12oz,12,False,215.0,,,
EVT_193c8495,search_result_clicked,2026-07-22 23:07:13,SES_03bc82f933,USR_85784,mobile,Variant_B_AI_Semantic,dr pepper zero sugar 12oz,12,False,,KDP_SKU_1052,1.0,
EVT_079da763,search_query_submitted,2026-07-23 01:30:00,SES_38465d8881,USR_77538,mobile,Variant_B_AI_Semantic,vanilla flavored coffee,19,False,115.0,,,
EVT_afd56ab2,search_result_clicked,2026-07-23 01:30:09,SES_38465d8881,USR_77538,mobile,Variant_B_AI_Semantic,vanilla flavored coffee,19,False,,KDP_SKU_1047,2.0,
EVT_217f3ce0,search_to_cart_added,2026-07-23 01:30:31,SES_38465d8881,USR_77538,mobile,Variant_B_AI_Semantic,vanilla flavored coffee,19,False,,KDP_SKU_1047,2.0,10.43
EVT_d55c5940,search_query_submitted,2026-07-23 02:49:00,SES_31be7fb040,USR_82305,desktop,Variant_B_AI_Semantic,vanilla flavored coffee,27,False,181.0,,,
EVT_475efbe0,search_query_submitted,2026-07-23 03:10:00,SES_c3d37d6b7b,USR_29278,tablet,Control_Keyword,caffeine free organic energy drink,0,True,237.0,,,
EVT_96a36f4f,search_query_submitted,2026-07-23 03:12:00,SES_0a2fc8fe61,USR_30400,tablet,Variant_B_AI_Semantic,cherry vanilla soda,31,False,117.0,,,
EVT_90c9f0a8,search_result_clicked,2026-07-23 03:12:06,SES_0a2fc8fe61,USR_30400,tablet,Variant_B_AI_Semantic,cherry vanilla soda,31,False,,KDP_SKU_1003,1.0,
EVT_fa9567f9,search_query_submitted,2026-07-23 05:48:00,SES_af57f8231d,USR_85132,tablet,Variant_B_AI_Semantic,dr pepper zero sugar 12oz,30,False,187.0,,,
EVT_738b3e19,search_result_clicked,2026-07-23 05:48:05,SES_af57f8231d,USR_85132,tablet,Variant_B_AI_Semantic,dr pepper zero sugar 12oz,30,False,,KDP_SKU_1075,1.0,
EVT_5a5a2143,search_query_submitted,2026-07-23 06:06:00,SES_fe0d7aa395,USR_96736,desktop,Control_Keyword,espresso pods hazelnut,0,True,421.0,,,
EVT_19f296e8,search_query_submitted,2026-07-23 06:47:00,SES_883ffb7a2a,USR_23983,desktop,Variant_B_AI_Semantic,caffeine free organic energy drink,42,False,90.0,,,
EVT_bda3c43a,search_result_clicked,2026-07-23 06:47:07,SES_883ffb7a2a,USR_23983,desktop,Variant_B_AI_Semantic,caffeine free organic energy drink,42,False,,KDP_SKU_1023,3.0,
EVT_b99476ab,search_query_submitted,2026-07-23 07:03:00,SES_e2820f5055,USR_62402,desktop,Control_Keyword,vanilla flavored coffee,25,False,346.0,,,
EVT_c7d7bfb4,search_query_submitted,2026-07-23 07:22:00,SES_aa74f33fb9,USR_55526,mobile,Control_Keyword,vanilla flavored coffee,15,False,214.0,,,
EVT_95659a69,search_query_submitted,2026-07-23 07:39:00,SES_243d10b475,USR_90127,mobile,Variant_B_AI_Semantic,drpepr zero,9,False,113.0,,,
EVT_63660b1c,search_result_clicked,2026-07-23 07:39:10,SES_243d10b475,USR_90127,mobile,Variant_B_AI_Semantic,drpepr zero,9,False,,KDP_SKU_1054,2.0,
EVT_073291cd,search_to_cart_added,2026-07-23 07:39:31,SES_243d10b475,USR_90127,mobile,Variant_B_AI_Semantic,drpepr zero,9,False,,KDP_SKU_1054,2.0,47.2
EVT_06e375a3,search_query_submitted,2026-07-23 07:47:00,SES_e4518404bd,USR_65615,mobile,Control_Keyword,dr pepper zero sugar 12oz,8,False,376.0,,,
EVT_efd3e7e8,search_result_clicked,2026-07-23 07:47:12,SES_e4518404bd,USR_65615,mobile,Control_Keyword,dr pepper zero sugar 12oz,8,False,,KDP_SKU_1015,6.0,
EVT_caf22926,search_query_submitted,2026-07-23 08:04:00,SES_11f5486316,USR_13268,tablet,Control_Keyword,keurig single serve machine,8,False,354.0,,,
EVT_f6c1e72c,search_query_submitted,2026-07-23 08:26:00,SES_ff2ac68fdd,USR_21146,tablet,Control_Keyword,dark roast k-cup,20,False,584.0,,,
EVT_84647e0f,search_result_clicked,2026-07-23 08:26:03,SES_ff2ac68fdd,USR_21146,tablet,Control_Keyword,dark roast k-cup,20,False,,KDP_SKU_1072,5.0,
EVT_a4950d49,search_query_submitted,2026-07-23 10:10:00,SES_c9c66ead74,USR_24884,desktop,Variant_B_AI_Semantic,espresso pods hazelnut,27,False,198.0,,,
EVT_139b7541,search_result_clicked,2026-07-23 10:10:03,SES_c9c66ead74,USR_24884,desktop,Variant_B_AI_Semantic,espresso pods hazelnut,27,False,,KDP_SKU_1053,3.0,
EVT_aaad5139,search_to_cart_added,2026-07-23 10:10:25,SES_c9c66ead74,USR_24884,desktop,Variant_B_AI_Semantic,espresso pods hazelnut,27,False,,KDP_SKU_1053,3.0,17.74
EVT_c107769a,search_query_submitted,2026-07-23 11:21:00,SES_9afa4a5803,USR_66485,mobile,Variant_B_AI_Semantic,keurig single serve machine,16,False,130.0,,,
EVT_a3c39775,search_query_submitted,2026-07-23 11:31:00,SES_0a4e3666a7,ANONYMOUS_GUEST,desktop,Variant_B_AI_Semantic,kcup pods discount,42,False,160.0,,,
EVT_bc5db699,search_result_clicked,2026-07-23 11:31:03,SES_0a4e3666a7,ANONYMOUS_GUEST,desktop,Variant_B_AI_Semantic,kcup pods discount,42,False,,KDP_SKU_1052,3.0,
EVT_22aa5744,search_to_cart_added,2026-07-23 11:31:18,SES_0a4e3666a7,ANONYMOUS_GUEST,desktop,Variant_B_AI_Semantic,kcup pods discount,42,False,,KDP_SKU_1052,3.0,15.21
EVT_425ba65a,search_query_submitted,2026-07-23 11:34:00,SES_a80c59abd5,USR_64819,tablet,Control_Keyword,cherry vanilla soda,15,False,275.0,,,
EVT_86312f4c,search_query_submitted,2026-07-23 11:43:00,SES_41901e299b,ANONYMOUS_GUEST,mobile,Control_Keyword,kcup pods discount,18,False,408.0,,,
EVT_0c01e594,search_result_clicked,2026-07-23 11:43:04,SES_41901e299b,ANONYMOUS_GUEST,mobile,Control_Keyword,kcup pods discount,18,False,,KDP_SKU_1019,9.0,
EVT_d1433b34,search_query_submitted,2026-07-23 12:38:00,SES_b533e13cc1,USR_29162,mobile,Control_Keyword,snapple peach tea diet,3,False,292.0,,,
EVT_76550fb9,search_result_clicked,2026-07-23 12:38:03,SES_b533e13cc1,USR_29162,mobile,Control_Keyword,snapple peach tea diet,3,False,,KDP_SKU_1014,4.0,
EVT_d4117148,search_query_submitted,2026-07-23 12:58:00,SES_62437cb491,USR_53065,tablet,Control_Keyword,cherry vanilla soda,12,False,500.0,,,
EVT_9bf99d50,search_result_clicked,2026-07-23 12:58:06,SES_62437cb491,USR_53065,tablet,Control_Keyword,cherry vanilla soda,12,False,,KDP_SKU_1010,2.0,
EVT_06d953f0,search_query_submitted,2026-07-23 13:18:00,SES_37ed81d0c2,USR_72031,mobile,Control_Keyword,keurig single serve machine,5,False,471.0,,,
EVT_2cf7019e,search_result_clicked,2026-07-23 13:18:13,SES_37ed81d0c2,USR_72031,mobile,Control_Keyword,keurig single serve machine,5,False,,KDP_SKU_1061,10.0,
EVT_affcd1ed,search_to_cart_added,2026-07-23 13:18:41,SES_37ed81d0c2,USR_72031,mobile,Control_Keyword,keurig single serve machine,5,False,,KDP_SKU_1061,10.0,49.53
EVT_26a0c888,search_query_submitted,2026-07-23 13:25:00,SES_096b3b58da,USR_51486,mobile,Variant_B_AI_Semantic,snapple peach tea diet,44,False,105.0,,,
EVT_06c17b8c,search_result_clicked,2026-07-23 13:25:10,SES_096b3b58da,USR_51486,mobile,Variant_B_AI_Semantic,snapple peach tea diet,44,False,,KDP_SKU_1060,2.0,
EVT_0fdeec5f,search_query_submitted,2026-07-23 13:42:00,SES_5fc3ce404c,USR_82173,tablet,Control_Keyword,snapple peach tea diet,10,False,570.0,,,
EVT_45935a64,search_query_submitted,2026-07-23 13:53:00,SES_2f6248ea28,ANONYMOUS_GUEST,mobile,Control_Keyword,espresso pods hazelnut,0,True,558.0,,,
EVT_ae9636e6,search_query_submitted,2026-07-23 15:41:00,SES_6695a9c2ab,USR_34672,mobile,Control_Keyword,kcup pods discount,11,False,269.0,,,
EVT_a12a660a,search_result_clicked,2026-07-23 15:41:03,SES_6695a9c2ab,USR_34672,mobile,Control_Keyword,kcup pods discount,11,False,,KDP_SKU_1046,4.0,
EVT_aa84d353,search_query_submitted,2026-07-23 16:15:00,SES_99edd36989,USR_89278,tablet,Control_Keyword,snapple peach tea diet,20,False,630.0,,,
EVT_8895c04a,search_query_submitted,2026-07-23 16:58:00,SES_09728b21f6,ANONYMOUS_GUEST,mobile,Control_Keyword,dr pepper zero sugar 12oz,10,False,611.0,,,
EVT_f765ae9b,search_query_submitted,2026-07-23 18:27:00,SES_e4c03f03b4,USR_25855,desktop,Variant_B_AI_Semantic,drpepr zero,45,False,140.0,,,
EVT_f1f8d768,search_result_clicked,2026-07-23 18:27:07,SES_e4c03f03b4,USR_25855,desktop,Variant_B_AI_Semantic,drpepr zero,45,False,,KDP_SKU_1004,1.0,
EVT_209e99bc,search_to_cart_added,2026-07-23 18:27:41,SES_e4c03f03b4,USR_25855,desktop,Variant_B_AI_Semantic,drpepr zero,45,False,,KDP_SKU_1004,1.0,15.81
EVT_c92ec549,search_query_submitted,2026-07-23 18:28:00,SES_682d658365,USR_74868,mobile,Variant_B_AI_Semantic,kcup pods discount,39,False,197.0,,,
EVT_b0a7c972,search_query_submitted,2026-07-23 19:22:00,SES_9e27d9648f,USR_56900,tablet,Variant_B_AI_Semantic,dr pepper zero sugar 12oz,22,False,139.0,,,
EVT_45b3d74a,search_result_clicked,2026-07-23 19:22:14,SES_9e27d9648f,USR_56900,tablet,Variant_B_AI_Semantic,dr pepper zero sugar 12oz,22,False,,KDP_SKU_1007,2.0,
EVT_4e1749ce,search_query_submitted,2026-07-23 19:59:00,SES_ea56cec5ba,USR_19545,tablet,Variant_B_AI_Semantic,drpepr zero,20,False,178.0,,,
EVT_8736f767,search_result_clicked,2026-07-23 19:59:03,SES_ea56cec5ba,USR_19545,tablet,Variant_B_AI_Semantic,drpepr zero,20,False,,KDP_SKU_1030,3.0,
EVT_94e504d3,search_query_submitted,2026-07-23 20:14:00,SES_c834872b8f,USR_41768,tablet,Control_Keyword,espresso pods hazelnut,0,True,218.0,,,
EVT_0d0b6434,search_query_submitted,2026-07-23 20:20:00,SES_4fc3da0a7a,USR_83695,tablet,Control_Keyword,dark roast k-cup,14,False,314.0,,,
EVT_3c2f2e23,search_result_clicked,2026-07-23 20:20:15,SES_4fc3da0a7a,USR_83695,tablet,Control_Keyword,dark roast k-cup,14,False,,KDP_SKU_1037,6.0,
EVT_7199df04,search_query_submitted,2026-07-23 20:26:00,SES_b37f1d16e1,USR_18324,tablet,Variant_B_AI_Semantic,cherry vanilla soda,38,False,109.0,,,
EVT_43c5e31d,search_result_clicked,2026-07-23 20:26:14,SES_b37f1d16e1,USR_18324,tablet,Variant_B_AI_Semantic,cherry vanilla soda,38,False,,KDP_SKU_1041,2.0,
EVT_51109a0f,search_query_submitted,2026-07-23 21:57:00,SES_7b64c205ca,USR_84381,tablet,Variant_B_AI_Semantic,snapple peach tea diet,22,False,106.0,,,
EVT_dce2d433,search_query_submitted,2026-07-23 22:48:00,SES_4d73a05663,USR_54504,mobile,Variant_B_AI_Semantic,snapple peach tea diet,35,False,131.0,,,
EVT_8afc91c7,search_query_submitted,2026-07-23 23:09:00,SES_0b21827e3f,USR_29316,desktop,Control_Keyword,vanilla flavored coffee,10,False,430.0,,,
EVT_9d928066,search_query_submitted,2026-07-23 23:35:00,SES_cb99c1aea3,USR_20350,mobile,Control_Keyword,drpepr zero,23,False,303.0,,,
EVT_3bef960d,search_result_clicked,2026-07-23 23:35:13,SES_cb99c1aea3,USR_20350,mobile,Control_Keyword,drpepr zero,23,False,,KDP_SKU_1073,8.0,
EVT_7360f4ac,search_to_cart_added,2026-07-23 23:35:34,SES_cb99c1aea3,USR_20350,mobile,Control_Keyword,drpepr zero,23,False,,KDP_SKU_1073,8.0,44.55
EVT_7dd0cb67,search_query_submitted,2026-07-23 23:52:00,SES_2637cf34c6,USR_84959,tablet,Control_Keyword,kcup pods discount,3,False,245.0,,,
EVT_43d6542e,search_result_clicked,2026-07-23 23:52:10,SES_2637cf34c6,USR_84959,tablet,Control_Keyword,kcup pods discount,3,False,,KDP_SKU_1009,9.0,
EVT_68b38329,search_to_cart_added,2026-07-23 23:52:43,SES_2637cf34c6,USR_84959,tablet,Control_Keyword,kcup pods discount,3,False,,KDP_SKU_1009,9.0,24.55
EVT_85b1e92d,search_query_submitted,2026-07-24 00:04:00,SES_ce5e051c58,ANONYMOUS_GUEST,desktop,Control_Keyword,cherry vanilla soda,4,False,306.0,,,
EVT_73f261ce,search_query_submitted,2026-07-24 01:16:00,SES_ebf173fc41,USR_66744,desktop,Variant_B_AI_Semantic,snapple peach tea diet,10,False,112.0,,,
EVT_83fd46bf,search_query_submitted,2026-07-24 01:18:00,SES_8467bed4b2,USR_91888,mobile,Control_Keyword,vanilla flavored coffee,10,False,649.0,,,
EVT_6fda75a7,search_query_submitted,2026-07-24 01:40:00,SES_479f1d6f2a,USR_17152,desktop,Control_Keyword,caffeine free organic energy drink,0,True,303.0,,,
EVT_f4f1c6fb,search_query_submitted,2026-07-24 02:00:00,SES_897c826fe8,USR_64005,desktop,Variant_B_AI_Semantic,drpepr zero,10,False,126.0,,,
EVT_21606c50,search_result_clicked,2026-07-24 02:00:08,SES_897c826fe8,USR_64005,desktop,Variant_B_AI_Semantic,drpepr zero,10,False,,KDP_SKU_1083,2.0,
EVT_57b73535,search_to_cart_added,2026-07-24 02:00:48,SES_897c826fe8,USR_64005,desktop,Variant_B_AI_Semantic,drpepr zero,10,False,,KDP_SKU_1083,2.0,31.71
EVT_bdd4c115,search_query_submitted,2026-07-24 02:38:00,SES_0826a8e25b,USR_67560,tablet,Variant_B_AI_Semantic,dr pepper zero sugar 12oz,33,False,149.0,,,
EVT_a7231d71,search_result_clicked,2026-07-24 02:38:03,SES_0826a8e25b,USR_67560,tablet,Variant_B_AI_Semantic,dr pepper zero sugar 12oz,33,False,,KDP_SKU_1009,3.0,
EVT_78774c53,search_query_submitted,2026-07-24 03:21:00,SES_afbbd5cbfc,USR_61445,tablet,Variant_B_AI_Semantic,dr pepper zero sugar 12oz,16,False,198.0,,,
EVT_707c40c9,search_result_clicked,2026-07-24 03:21:03,SES_afbbd5cbfc,USR_61445,tablet,Variant_B_AI_Semantic,dr pepper zero sugar 12oz,16,False,,KDP_SKU_1078,3.0,
EVT_5611ed0c,search_query_submitted,2026-07-24 03:54:00,SES_a551e2de9c,USR_38265,tablet,Control_Keyword,keurig single serve machine,24,False,262.0,,,
EVT_9c286c58,search_query_submitted,2026-07-24 04:24:00,SES_00f7d5744c,USR_11883,mobile,Variant_B_AI_Semantic,dark roast k-cup,27,False,158.0,,,
EVT_01dcaadc,search_result_clicked,2026-07-24 04:24:13,SES_00f7d5744c,USR_11883,mobile,Variant_B_AI_Semantic,dark roast k-cup,27,False,,KDP_SKU_1061,2.0,
EVT_b045a6ba,search_query_submitted,2026-07-24 05:14:00,SES_fadcc261f6,USR_81066,mobile,Variant_B_AI_Semantic,dark roast k-cup,11,False,202.0,,,
EVT_6b1f9340,search_result_clicked,2026-07-24 05:14:11,SES_fadcc261f6,USR_81066,mobile,Variant_B_AI_Semantic,dark roast k-cup,11,False,,KDP_SKU_1004,1.0,
EVT_2b6fba15,search_to_cart_added,2026-07-24 05:14:27,SES_fadcc261f6,USR_81066,mobile,Variant_B_AI_Semantic,dark roast k-cup,11,False,,KDP_SKU_1004,1.0,15.81
EVT_0c8659bb,search_query_submitted,2026-07-24 07:03:00,SES_ab43a5ad37,USR_51072,mobile,Control_Keyword,caffeine free organic energy drink,0,True,614.0,,,
EVT_a80494c0,search_query_submitted,2026-07-24 08:02:00,SES_b45171ad85,USR_30374,tablet,Variant_B_AI_Semantic,espresso pods hazelnut,21,False,147.0,,,
EVT_9e76f1c5,search_query_submitted,2026-07-24 08:27:00,SES_8eda7a4d0a,USR_67682,mobile,Control_Keyword,cherry vanilla soda,7,False,253.0,,,
EVT_04c8ea47,search_query_submitted,2026-07-24 08:37:00,SES_0724c4ef6a,USR_91871,mobile,Control_Keyword,vanilla flavored coffee,23,False,391.0,,,
EVT_78ea25ab,search_query_submitted,2026-07-24 09:03:00,SES_11823cba3a,USR_65360,desktop,Control_Keyword,keurig single serve machine,24,False,313.0,,,
EVT_91119e14,search_query_submitted,2026-07-24 09:42:00,SES_a34520aab3,ANONYMOUS_GUEST,desktop,Variant_B_AI_Semantic,snapple peach tea diet,25,False,92.0,,,
EVT_ba408be0,search_result_clicked,2026-07-24 09:42:06,SES_a34520aab3,ANONYMOUS_GUEST,desktop,Variant_B_AI_Semantic,snapple peach tea diet,25,False,,KDP_SKU_1060,2.0,
EVT_36a02265,search_to_cart_added,2026-07-24 09:42:39,SES_a34520aab3,ANONYMOUS_GUEST,desktop,Variant_B_AI_Semantic,snapple peach tea diet,25,False,,KDP_SKU_1060,2.0,22.69
EVT_d222a8cb,search_query_submitted,2026-07-24 10:06:00,SES_b71d6b8cf2,USR_23879,tablet,Control_Keyword,vanilla flavored coffee,19,False,201.0,,,
EVT_ccd168a2,search_query_submitted,2026-07-24 10:07:00,SES_19ae515d4d,USR_61505,tablet,Control_Keyword,dr pepper zero sugar 12oz,20,False,352.0,,,
EVT_ed4c8ef9,search_query_submitted,2026-07-24 10:31:00,SES_ef50c169b9,USR_66985,desktop,Variant_B_AI_Semantic,dr pepper zero sugar 12oz,40,False,125.0,,,
EVT_4d0b0e6d,search_query_submitted,2026-07-24 11:14:00,SES_7e301fe979,ANONYMOUS_GUEST,tablet,Control_Keyword,cherry vanilla soda,20,False,427.0,,,
EVT_42e21d96,search_query_submitted,2026-07-24 11:27:00,SES_e542a3dbdf,USR_24141,tablet,Variant_B_AI_Semantic,cherry vanilla soda,22,False,177.0,,,
EVT_08f34176,search_result_clicked,2026-07-24 11:27:10,SES_e542a3dbdf,USR_24141,tablet,Variant_B_AI_Semantic,cherry vanilla soda,22,False,,KDP_SKU_1027,2.0,
EVT_d3b8eb9f,search_query_submitted,2026-07-24 12:16:00,SES_a462c42fce,USR_99744,tablet,Control_Keyword,vanilla flavored coffee,7,False,404.0,,,
EVT_2983698f,search_query_submitted,2026-07-24 13:42:00,SES_f9899fb533,USR_74283,tablet,Control_Keyword,snapple peach tea diet,21,False,455.0,,,
EVT_91cf150d,search_result_clicked,2026-07-24 13:42:06,SES_f9899fb533,USR_74283,tablet,Control_Keyword,snapple peach tea diet,21,False,,KDP_SKU_1048,1.0,
EVT_c6989d4d,search_to_cart_added,2026-07-24 13:42:20,SES_f9899fb533,USR_74283,tablet,Control_Keyword,snapple peach tea diet,21,False,,KDP_SKU_1048,1.0,18.22
EVT_c3eacfe4,search_query_submitted,2026-07-24 14:03:00,SES_403d4b5886,USR_98542,desktop,Control_Keyword,kcup pods discount,14,False,301.0,,,
EVT_54a3cb99,search_query_submitted,2026-07-24 14:52:00,SES_ce9873447e,USR_26515,tablet,Control_Keyword,dr pepper zero sugar 12oz,8,False,227.0,,,
EVT_a3633388,search_query_submitted,2026-07-24 15:00:00,SES_5276f148d0,USR_46428,desktop,Variant_B_AI_Semantic,kcup pods discount,36,False,102.0,,,
EVT_aef175cd,search_result_clicked,2026-07-24 15:00:12,SES_5276f148d0,USR_46428,desktop,Variant_B_AI_Semantic,kcup pods discount,36,False,,KDP_SKU_1009,3.0,
EVT_b30d7202,search_query_submitted,2026-07-24 15:56:00,SES_e267b42fb0,USR_62928,tablet,Control_Keyword,dark roast k-cup,17,False,514.0,,,
EVT_c6e69cec,search_query_submitted,2026-07-24 16:36:00,SES_6440f4e2e7,USR_74071,tablet,Variant_B_AI_Semantic,caffeine free organic energy drink,37,False,113.0,,,
EVT_b60962a6,search_result_clicked,2026-07-24 16:36:10,SES_6440f4e2e7,USR_74071,tablet,Variant_B_AI_Semantic,caffeine free organic energy drink,37,False,,KDP_SKU_1019,3.0,
EVT_5e7e0726,search_query_submitted,2026-07-24 20:16:00,SES_4abaf1a9cc,USR_94671,mobile,Variant_B_AI_Semantic,espresso pods hazelnut,35,False,141.0,,,
EVT_9db61f2b,search_query_submitted,2026-07-24 21:05:00,SES_7ca02317f7,USR_19666,mobile,Variant_B_AI_Semantic,vanilla flavored coffee,36,False,199.0,,,
EVT_ff146c26,search_query_submitted,2026-07-24 21:30:00,SES_a3e92aa7e2,USR_95139,desktop,Variant_B_AI_Semantic,dark roast k-cup,19,False,207.0,,,
EVT_811f4c4d,search_result_clicked,2026-07-24 21:30:15,SES_a3e92aa7e2,USR_95139,desktop,Variant_B_AI_Semantic,dark roast k-cup,19,False,,KDP_SKU_1070,2.0,
EVT_c569a667,search_to_cart_added,2026-07-24 21:30:48,SES_a3e92aa7e2,USR_95139,desktop,Variant_B_AI_Semantic,dark roast k-cup,19,False,,KDP_SKU_1070,2.0,17.77
EVT_7f6f4fbf,search_query_submitted,2026-07-24 22:32:00,SES_37e421266c,USR_75774,mobile,Control_Keyword,dark roast k-cup,24,False,250.0,,,
EVT_519747d6,search_result_clicked,2026-07-24 22:32:11,SES_37e421266c,USR_75774,mobile,Control_Keyword,dark roast k-cup,24,False,,KDP_SKU_1077,8.0,
EVT_67304f75,search_query_submitted,2026-07-24 22:46:00,SES_ce4d4c901c,USR_31945,tablet,Control_Keyword,kcup pods discount,13,False,435.0,,,
EVT_10664f4a,search_result_clicked,2026-07-24 22:46:11,SES_ce4d4c901c,USR_31945,tablet,Control_Keyword,kcup pods discount,13,False,,KDP_SKU_1063,6.0,
EVT_0f1c911f,search_query_submitted,2026-07-24 23:11:00,SES_ca7bfff824,USR_54438,mobile,Control_Keyword,caffeine free organic energy drink,0,True,588.0,,,
EVT_61d554f2,search_query_submitted,2026-07-24 23:14:00,SES_dc166f0653,USR_75546,desktop,Variant_B_AI_Semantic,keurig single serve machine,29,False,201.0,,,
EVT_d72d867a,search_result_clicked,2026-07-24 23:14:05,SES_dc166f0653,USR_75546,desktop,Variant_B_AI_Semantic,keurig single serve machine,29,False,,KDP_SKU_1029,3.0,
EVT_034b8fd6,search_to_cart_added,2026-07-24 23:14:49,SES_dc166f0653,USR_75546,desktop,Variant_B_AI_Semantic,keurig single serve machine,29,False,,KDP_SKU_1029,3.0,43.28
EVT_9e293c66,search_query_submitted,2026-07-24 23:55:00,SES_a3dd959a2c,USR_49682,desktop,Control_Keyword,vanilla flavored coffee,23,False,564.0,,,
EVT_6f43f4db,search_query_submitted,2026-07-25 00:21:00,SES_a3da3e032f,USR_36497,desktop,Control_Keyword,keurig single serve machine,12,False,617.0,,,
EVT_c8b5b7a5,search_query_submitted,2026-07-25 01:20:00,SES_f0fa981031,USR_98150,desktop,Control_Keyword,dr pepper zero sugar 12oz,6,False,518.0,,,
EVT_22411861,search_result_clicked,2026-07-25 01:20:11,SES_f0fa981031,USR_98150,desktop,Control_Keyword,dr pepper zero sugar 12oz,6,False,,KDP_SKU_1056,1.0,
EVT_85bfe87f,search_query_submitted,2026-07-25 01:35:00,SES_e776cc5ea2,USR_42550,tablet,Control_Keyword,espresso pods hazelnut,0,True,375.0,,,
EVT_93bbd8cf,search_query_submitted,2026-07-25 01:53:00,SES_093fab696e,USR_74251,mobile,Variant_B_AI_Semantic,caffeine free organic energy drink,35,False,125.0,,,
EVT_68d9cdbd,search_result_clicked,2026-07-25 01:53:15,SES_093fab696e,USR_74251,mobile,Variant_B_AI_Semantic,caffeine free organic energy drink,35,False,,KDP_SKU_1050,3.0,
EVT_0baabe18,search_query_submitted,2026-07-25 02:53:00,SES_bb159d69d5,USR_58161,tablet,Variant_B_AI_Semantic,caffeine free organic energy drink,33,False,192.0,,,
EVT_a867cbcd,search_result_clicked,2026-07-25 02:53:09,SES_bb159d69d5,USR_58161,tablet,Variant_B_AI_Semantic,caffeine free organic energy drink,33,False,,KDP_SKU_1042,1.0,
EVT_8c6b8270,search_to_cart_added,2026-07-25 02:53:51,SES_bb159d69d5,USR_58161,tablet,Variant_B_AI_Semantic,caffeine free organic energy drink,33,False,,KDP_SKU_1042,1.0,8.01
EVT_558757f5,search_query_submitted,2026-07-25 03:49:00,SES_e449ec6446,USR_79220,desktop,Control_Keyword,drpepr zero,16,False,266.0,,,
EVT_5d64d684,search_result_clicked,2026-07-25 03:49:05,SES_e449ec6446,USR_79220,desktop,Control_Keyword,drpepr zero,16,False,,KDP_SKU_1041,6.0,
EVT_0a266197,search_query_submitted,2026-07-25 04:11:00,SES_08257f56e4,USR_25473,desktop,Control_Keyword,snapple peach tea diet,15,False,319.0,,,
EVT_38423ada,search_query_submitted,2026-07-25 04:37:00,SES_c2ad78436b,USR_61815,desktop,Control_Keyword,kcup pods discount,21,False,556.0,,,
EVT_f833ee81,search_result_clicked,2026-07-25 04:37:08,SES_c2ad78436b,USR_61815,desktop,Control_Keyword,kcup pods discount,21,False,,KDP_SKU_1009,7.0,
EVT_cf6a4129,search_query_submitted,2026-07-25 05:11:00,SES_fc436f8c79,USR_19077,desktop,Variant_B_AI_Semantic,dr pepper zero sugar 12oz,36,False,187.0,,,
EVT_a8597de9,search_query_submitted,2026-07-25 05:43:00,SES_bcd27381d3,USR_11386,desktop,Control_Keyword,dark roast k-cup,15,False,230.0,,,
EVT_bd5e59fc,search_result_clicked,2026-07-25 05:43:14,SES_bcd27381d3,USR_11386,desktop,Control_Keyword,dark roast k-cup,15,False,,KDP_SKU_1070,4.0,
EVT_e7bccae4,search_query_submitted,2026-07-25 06:14:00,SES_1462f6311c,USR_76995,desktop,Variant_B_AI_Semantic,drpepr zero,16,False,93.0,,,
EVT_f3c80201,search_result_clicked,2026-07-25 06:14:03,SES_1462f6311c,USR_76995,desktop,Variant_B_AI_Semantic,drpepr zero,16,False,,KDP_SKU_1064,3.0,
EVT_fa27adb5,search_query_submitted,2026-07-25 06:21:00,SES_c93e9a572b,USR_21673,desktop,Control_Keyword,drpepr zero,5,False,187.0,,,
EVT_c9832bd8,search_query_submitted,2026-07-25 06:48:00,SES_80ae5700d9,USR_18151,desktop,Variant_B_AI_Semantic,caffeine free organic energy drink,12,False,174.0,,,
EVT_ba388723,search_result_clicked,2026-07-25 06:48:07,SES_80ae5700d9,USR_18151,desktop,Variant_B_AI_Semantic,caffeine free organic energy drink,12,False,,KDP_SKU_1047,2.0,
EVT_db3819b0,search_query_submitted,2026-07-25 06:57:00,SES_7061841e64,USR_50577,tablet,Control_Keyword,snapple peach tea diet,6,False,523.0,,,
EVT_ae5f8bf2,search_result_clicked,2026-07-25 06:57:03,SES_7061841e64,USR_50577,tablet,Control_Keyword,snapple peach tea diet,6,False,,KDP_SKU_1037,6.0,
EVT_559f003c,search_query_submitted,2026-07-25 07:22:00,SES_b1533c7c9d,USR_28811,desktop,Variant_B_AI_Semantic,caffeine free organic energy drink,33,False,105.0,,,
EVT_d1aa91a5,search_query_submitted,2026-07-25 08:21:00,SES_752903e3d7,USR_79822,desktop,Control_Keyword,caffeine free organic energy drink,7,False,315.0,,,
EVT_9e254818,search_result_clicked,2026-07-25 08:21:11,SES_752903e3d7,USR_79822,desktop,Control_Keyword,caffeine free organic energy drink,7,False,,KDP_SKU_1075,4.0,
EVT_632a77ac,search_query_submitted,2026-07-25 08:53:00,SES_8d22416324,USR_20837,mobile,Variant_B_AI_Semantic,snapple peach tea diet,44,False,104.0,,,
EVT_ebe360b4,search_result_clicked,2026-07-25 08:53:12,SES_8d22416324,USR_20837,mobile,Variant_B_AI_Semantic,snapple peach tea diet,44,False,,KDP_SKU_1061,3.0,
EVT_2ce7752b,search_query_submitted,2026-07-25 09:03:00,SES_35d058ecd3,USR_87468,tablet,Control_Keyword,caffeine free organic energy drink,0,True,211.0,,,
EVT_a1d1faff,search_query_submitted,2026-07-25 10:31:00,SES_3e836a07d5,USR_44867,mobile,Variant_B_AI_Semantic,snapple peach tea diet,23,False,118.0,,,
EVT_1314589d,search_result_clicked,2026-07-25 10:31:09,SES_3e836a07d5,USR_44867,mobile,Variant_B_AI_Semantic,snapple peach tea diet,23,False,,KDP_SKU_1068,2.0,
EVT_133ca2de,search_query_submitted,2026-07-25 10:53:00,SES_aca4ae3645,USR_70689,tablet,Control_Keyword,cherry vanilla soda,15,False,465.0,,,
EVT_8f48d221,search_result_clicked,2026-07-25 10:53:08,SES_aca4ae3645,USR_70689,tablet,Control_Keyword,cherry vanilla soda,15,False,,KDP_SKU_1067,4.0,
EVT_fdf4a7ab,search_query_submitted,2026-07-25 10:59:00,SES_eeb20a8278,USR_80452,tablet,Variant_B_AI_Semantic,dark roast k-cup,33,False,217.0,,,
EVT_08863585,search_result_clicked,2026-07-25 10:59:11,SES_eeb20a8278,USR_80452,tablet,Variant_B_AI_Semantic,dark roast k-cup,33,False,,KDP_SKU_1076,3.0,
EVT_b8638b2c,search_query_submitted,2026-07-25 11:25:00,SES_d7a80c3e75,USR_21115,tablet,Control_Keyword,keurig single serve machine,7,False,399.0,,,
EVT_e4edc25e,search_result_clicked,2026-07-25 11:25:05,SES_d7a80c3e75,USR_21115,tablet,Control_Keyword,keurig single serve machine,7,False,,KDP_SKU_1073,7.0,
EVT_11c81bf4,search_query_submitted,2026-07-25 12:42:00,SES_2d0e82455c,ANONYMOUS_GUEST,tablet,Variant_B_AI_Semantic,vanilla flavored coffee,14,False,139.0,,,
EVT_b36096f6,search_result_clicked,2026-07-25 12:42:06,SES_2d0e82455c,ANONYMOUS_GUEST,tablet,Variant_B_AI_Semantic,vanilla flavored coffee,14,False,,KDP_SKU_1084,3.0,
EVT_a486672e,search_query_submitted,2026-07-25 13:23:00,SES_5c89b942b4,USR_66120,desktop,Variant_B_AI_Semantic,espresso pods hazelnut,11,False,169.0,,,
EVT_cc0892cf,search_result_clicked,2026-07-25 13:23:14,SES_5c89b942b4,USR_66120,desktop,Variant_B_AI_Semantic,espresso pods hazelnut,11,False,,KDP_SKU_1019,2.0,
EVT_3bbaf0c9,search_to_cart_added,2026-07-25 13:23:55,SES_5c89b942b4,USR_66120,desktop,Variant_B_AI_Semantic,espresso pods hazelnut,11,False,,KDP_SKU_1019,2.0,41.6
EVT_a8b24cf0,search_query_submitted,2026-07-25 13:53:00,SES_d4e32fbff9,USR_99687,desktop,Control_Keyword,drpepr zero,3,False,357.0,,,
EVT_24be3c91,search_result_clicked,2026-07-25 13:53:13,SES_d4e32fbff9,USR_99687,desktop,Control_Keyword,drpepr zero,3,False,,KDP_SKU_1082,9.0,
EVT_1f8943ee,search_query_submitted,2026-07-25 14:06:00,SES_5494128634,USR_78561,mobile,Control_Keyword,espresso pods hazelnut,0,True,191.0,,,
EVT_efda453a,search_query_submitted,2026-07-25 14:41:00,SES_500330b71a,USR_67367,tablet,Variant_B_AI_Semantic,dark roast k-cup,38,False,120.0,,,
EVT_3e16cb56,search_query_submitted,2026-07-25 14:42:00,SES_39c9527a8b,USR_68436,mobile,Control_Keyword,snapple peach tea diet,8,False,545.0,,,
EVT_8b18c60f,search_query_submitted,2026-07-25 15:01:00,SES_573fba289e,USR_66283,mobile,Variant_B_AI_Semantic,cherry vanilla soda,8,False,89.0,,,
EVT_b4a5b4e0,search_result_clicked,2026-07-25 15:01:08,SES_573fba289e,USR_66283,mobile,Variant_B_AI_Semantic,cherry vanilla soda,8,False,,KDP_SKU_1038,1.0,
EVT_3f819119,search_query_submitted,2026-07-25 15:22:00,SES_a129841702,USR_92864,tablet,Variant_B_AI_Semantic,dr pepper zero sugar 12oz,10,False,121.0,,,
EVT_eade4967,search_result_clicked,2026-07-25 15:22:14,SES_a129841702,USR_92864,tablet,Variant_B_AI_Semantic,dr pepper zero sugar 12oz,10,False,,KDP_SKU_1070,2.0,
EVT_a0bbce7f,search_to_cart_added,2026-07-25 15:22:27,SES_a129841702,USR_92864,tablet,Variant_B_AI_Semantic,dr pepper zero sugar 12oz,10,False,,KDP_SKU_1070,2.0,17.77
EVT_6dd438be,search_query_submitted,2026-07-25 16:52:00,SES_eb8bf38c19,USR_93380,desktop,Variant_B_AI_Semantic,drpepr zero,45,False,128.0,,,
EVT_9bff4355,search_result_clicked,2026-07-25 16:52:03,SES_eb8bf38c19,USR_93380,desktop,Variant_B_AI_Semantic,drpepr zero,45,False,,KDP_SKU_1069,1.0,
EVT_f6496946,search_query_submitted,2026-07-25 16:55:00,SES_788290db2e,USR_87296,desktop,Variant_B_AI_Semantic,cherry vanilla soda,41,False,187.0,,,
EVT_87dbd240,search_query_submitted,2026-07-25 17:03:00,SES_88735a990c,USR_23133,tablet,Control_Keyword,vanilla flavored coffee,11,False,624.0,,,
EVT_0dd51c22,search_query_submitted,2026-07-25 17:34:00,SES_d31c61d73e,USR_23970,tablet,Variant_B_AI_Semantic,drpepr zero,24,False,146.0,,,
EVT_d8a1cdcc,search_result_clicked,2026-07-25 17:34:13,SES_d31c61d73e,USR_23970,tablet,Variant_B_AI_Semantic,drpepr zero,24,False,,KDP_SKU_1049,2.0,
EVT_863bf24d,search_to_cart_added,2026-07-25 17:34:31,SES_d31c61d73e,USR_23970,tablet,Variant_B_AI_Semantic,drpepr zero,24,False,,KDP_SKU_1049,2.0,33.96
EVT_8ccecdfa,search_query_submitted,2026-07-25 18:04:00,SES_ff441fdecf,USR_37745,tablet,Control_Keyword,kcup pods discount,16,False,527.0,,,
EVT_04430616,search_query_submitted,2026-07-25 18:04:00,SES_df533c4c4e,USR_75673,mobile,Control_Keyword,cherry vanilla soda,4,False,507.0,,,
EVT_5c16b70e,search_result_clicked,2026-07-25 18:04:07,SES_df533c4c4e,USR_75673,mobile,Control_Keyword,cherry vanilla soda,4,False,,KDP_SKU_1021,2.0,
EVT_c5fbf4b4,search_to_cart_added,2026-07-25 18:04:25,SES_df533c4c4e,USR_75673,mobile,Control_Keyword,cherry vanilla soda,4,False,,KDP_SKU_1021,2.0,41.45
EVT_c2fda598,search_query_submitted,2026-07-25 18:56:00,SES_66c36a6e9f,USR_66973,tablet,Variant_B_AI_Semantic,caffeine free organic energy drink,0,True,93.0,,,
EVT_53151fbb,search_query_submitted,2026-07-25 18:58:00,SES_c392753e54,USR_38741,mobile,Control_Keyword,keurig single serve machine,10,False,188.0,,,
EVT_86e6d7ad,search_query_submitted,2026-07-25 19:01:00,SES_c22c436bdf,USR_95033,desktop,Variant_B_AI_Semantic,dr pepper zero sugar 12oz,13,False,89.0,,,
EVT_2cfd53ca,search_query_submitted,2026-07-25 20:16:00,SES_fa97a5a166,USR_67983,tablet,Control_Keyword,caffeine free organic energy drink,0,True,603.0,,,
EVT_010795e5,search_query_submitted,2026-07-25 21:31:00,SES_d1da1cdff6,USR_25401,desktop,Control_Keyword,drpepr zero,13,False,621.0,,,
EVT_0f81ed22,search_result_clicked,2026-07-25 21:31:07,SES_d1da1cdff6,USR_25401,desktop,Control_Keyword,drpepr zero,13,False,,KDP_SKU_1010,4.0,
EVT_aeb31fd2,search_to_cart_added,2026-07-25 21:31:19,SES_d1da1cdff6,USR_25401,desktop,Control_Keyword,drpepr zero,13,False,,KDP_SKU_1010,4.0,7.3
EVT_062a19cc,search_query_submitted,2026-07-25 21:44:00,SES_14777cdf08,USR_92862,mobile,Variant_B_AI_Semantic,kcup pods discount,10,False,161.0,,,
EVT_a8f84b8f,search_result_clicked,2026-07-25 21:44:06,SES_14777cdf08,USR_92862,mobile,Variant_B_AI_Semantic,kcup pods discount,10,False,,KDP_SKU_1045,3.0,
EVT_832833d8,search_to_cart_added,2026-07-25 21:44:36,SES_14777cdf08,USR_92862,mobile,Variant_B_AI_Semantic,kcup pods discount,10,False,,KDP_SKU_1045,3.0,9.5
EVT_0d64d132,search_query_submitted,2026-07-25 22:24:00,SES_794e85b9ef,USR_96781,tablet,Variant_B_AI_Semantic,dr pepper zero sugar 12oz,42,False,167.0,,,
EVT_4c12632d,search_query_submitted,2026-07-25 22:27:00,SES_5d65f45ec3,USR_14607,mobile,Control_Keyword,caffeine free organic energy drink,0,True,625.0,,,
EVT_cba27ade,search_query_submitted,2026-07-26 00:40:00,SES_f5cfa0ee8c,USR_30028,desktop,Control_Keyword,cherry vanilla soda,15,False,349.0,,,
EVT_8f92ad5d,search_result_clicked,2026-07-26 00:40:09,SES_f5cfa0ee8c,USR_30028,desktop,Control_Keyword,cherry vanilla soda,15,False,,KDP_SKU_1028,7.0,
EVT_3b9285d6,search_query_submitted,2026-07-26 01:13:00,SES_a5598ecdec,USR_74921,desktop,Control_Keyword,drpepr zero,5,False,317.0,,,
EVT_e12757b3,search_result_clicked,2026-07-26 01:13:15,SES_a5598ecdec,USR_74921,desktop,Control_Keyword,drpepr zero,5,False,,KDP_SKU_1084,1.0,
EVT_7ce46006,search_query_submitted,2026-07-26 01:14:00,SES_35e7e7e770,USR_98487,mobile,Variant_B_AI_Semantic,dr pepper zero sugar 12oz,20,False,115.0,,,
EVT_9c74b51a,search_result_clicked,2026-07-26 01:14:07,SES_35e7e7e770,USR_98487,mobile,Variant_B_AI_Semantic,dr pepper zero sugar 12oz,20,False,,KDP_SKU_1083,2.0,
EVT_7256def7,search_query_submitted,2026-07-26 01:40:00,SES_601d17e741,USR_31383,mobile,Variant_B_AI_Semantic,keurig single serve machine,23,False,94.0,,,
EVT_7a332932,search_result_clicked,2026-07-26 01:40:03,SES_601d17e741,USR_31383,mobile,Variant_B_AI_Semantic,keurig single serve machine,23,False,,KDP_SKU_1049,1.0,
EVT_21be73d5,search_query_submitted,2026-07-26 04:23:00,SES_0b0f1d43a2,USR_86271,mobile,Control_Keyword,keurig single serve machine,3,False,360.0,,,
EVT_009ab598,search_query_submitted,2026-07-26 04:33:00,SES_2212ec040f,USR_89242,mobile,Variant_B_AI_Semantic,espresso pods hazelnut,25,False,185.0,,,
EVT_2576f7c4,search_result_clicked,2026-07-26 04:33:12,SES_2212ec040f,USR_89242,mobile,Variant_B_AI_Semantic,espresso pods hazelnut,25,False,,KDP_SKU_1084,1.0,
EVT_e6e80eee,search_query_submitted,2026-07-26 04:58:00,SES_8161f46f2b,USR_32050,mobile,Control_Keyword,keurig single serve machine,6,False,548.0,,,
EVT_04777a41,search_query_submitted,2026-07-26 04:59:00,SES_563c0ad591,USR_91620,mobile,Variant_B_AI_Semantic,drpepr zero,39,False,130.0,,,
EVT_b0293668,search_result_clicked,2026-07-26 04:59:09,SES_563c0ad591,USR_91620,mobile,Variant_B_AI_Semantic,drpepr zero,39,False,,KDP_SKU_1027,1.0,
EVT_5540833e,search_to_cart_added,2026-07-26 04:59:48,SES_563c0ad591,USR_91620,mobile,Variant_B_AI_Semantic,drpepr zero,39,False,,KDP_SKU_1027,1.0,10.07
EVT_b3f5a4b9,search_query_submitted,2026-07-26 06:30:00,SES_db57aa9547,USR_79828,tablet,Variant_B_AI_Semantic,cherry vanilla soda,23,False,142.0,,,
EVT_5f943cd7,search_result_clicked,2026-07-26 06:30:08,SES_db57aa9547,USR_79828,tablet,Variant_B_AI_Semantic,cherry vanilla soda,23,False,,KDP_SKU_1079,1.0,
EVT_f8d527fa,search_to_cart_added,2026-07-26 06:30:50,SES_db57aa9547,USR_79828,tablet,Variant_B_AI_Semantic,cherry vanilla soda,23,False,,KDP_SKU_1079,1.0,17.64
EVT_73ab7083,search_query_submitted,2026-07-26 06:47:00,SES_68e67c8f82,ANONYMOUS_GUEST,mobile,Variant_B_AI_Semantic,drpepr zero,22,False,81.0,,,
EVT_ec809a67,search_result_clicked,2026-07-26 06:47:09,SES_68e67c8f82,ANONYMOUS_GUEST,mobile,Variant_B_AI_Semantic,drpepr zero,22,False,,KDP_SKU_1005,3.0,
EVT_7da24c79,search_to_cart_added,2026-07-26 06:47:24,SES_68e67c8f82,ANONYMOUS_GUEST,mobile,Variant_B_AI_Semantic,drpepr zero,22,False,,KDP_SKU_1005,3.0,38.39
EVT_e1ad8204,search_query_submitted,2026-07-26 07:54:00,SES_11b6b72e21,USR_69634,tablet,Control_Keyword,snapple peach tea diet,15,False,539.0,,,
EVT_2b046fc0,search_query_submitted,2026-07-26 08:44:00,SES_0f2223454a,USR_21506,mobile,Control_Keyword,snapple peach tea diet,24,False,213.0,,,
EVT_b178b31a,search_query_submitted,2026-07-26 09:39:00,SES_db082bbc98,USR_78012,desktop,Control_Keyword,dr pepper zero sugar 12oz,8,False,505.0,,,
EVT_13e7eff4,search_query_submitted,2026-07-26 11:04:00,SES_876da346f2,USR_97096,mobile,Variant_B_AI_Semantic,cherry vanilla soda,34,False,160.0,,,
EVT_5ae91250,search_result_clicked,2026-07-26 11:04:06,SES_876da346f2,USR_97096,mobile,Variant_B_AI_Semantic,cherry vanilla soda,34,False,,KDP_SKU_1064,2.0,
EVT_d76de5e8,search_query_submitted,2026-07-26 11:41:00,SES_01603901ab,USR_95182,desktop,Control_Keyword,cherry vanilla soda,14,False,373.0,,,
EVT_481003a8,search_query_submitted,2026-07-26 11:51:00,SES_259749c826,ANONYMOUS_GUEST,desktop,Variant_B_AI_Semantic,dr pepper zero sugar 12oz,42,False,119.0,,,
EVT_421291ec,search_result_clicked,2026-07-26 11:51:07,SES_259749c826,ANONYMOUS_GUEST,desktop,Variant_B_AI_Semantic,dr pepper zero sugar 12oz,42,False,,KDP_SKU_1034,2.0,
EVT_da4790f8,search_query_submitted,2026-07-26 12:39:00,SES_35a34152b4,USR_49179,tablet,Control_Keyword,snapple peach tea diet,24,False,557.0,,,
EVT_146e41a8,search_result_clicked,2026-07-26 12:39:14,SES_35a34152b4,USR_49179,tablet,Control_Keyword,snapple peach tea diet,24,False,,KDP_SKU_1059,10.0,
EVT_222bad58,search_query_submitted,2026-07-26 13:11:00,SES_3545dc846b,USR_18579,mobile,Variant_B_AI_Semantic,espresso pods hazelnut,9,False,148.0,,,
EVT_a3f34672,search_result_clicked,2026-07-26 13:11:15,SES_3545dc846b,USR_18579,mobile,Variant_B_AI_Semantic,espresso pods hazelnut,9,False,,KDP_SKU_1043,1.0,
EVT_0b2d9cd0,search_query_submitted,2026-07-26 13:20:00,SES_c23c9b3bb0,ANONYMOUS_GUEST,desktop,Variant_B_AI_Semantic,drpepr zero,21,False,97.0,,,
EVT_e2f4cbfb,search_result_clicked,2026-07-26 13:20:08,SES_c23c9b3bb0,ANONYMOUS_GUEST,desktop,Variant_B_AI_Semantic,drpepr zero,21,False,,KDP_SKU_1068,1.0,
EVT_e917d0ef,search_query_submitted,2026-07-26 13:46:00,SES_1d2e778803,USR_30676,tablet,Variant_B_AI_Semantic,dr pepper zero sugar 12oz,41,False,82.0,,,
EVT_76544767,search_result_clicked,2026-07-26 13:46:07,SES_1d2e778803,USR_30676,tablet,Variant_B_AI_Semantic,dr pepper zero sugar 12oz,41,False,,KDP_SKU_1061,1.0,
EVT_f68340ee,search_to_cart_added,2026-07-26 13:46:18,SES_1d2e778803,USR_30676,tablet,Variant_B_AI_Semantic,dr pepper zero sugar 12oz,41,False,,KDP_SKU_1061,1.0,49.53
EVT_0b13b9b7,search_query_submitted,2026-07-26 15:00:00,SES_583bdcf744,USR_88636,desktop,Variant_B_AI_Semantic,drpepr zero,35,False,141.0,,,
EVT_6aef2de3,search_result_clicked,2026-07-26 15:00:09,SES_583bdcf744,USR_88636,desktop,Variant_B_AI_Semantic,drpepr zero,35,False,,KDP_SKU_1015,3.0,
EVT_c71e4136,search_query_submitted,2026-07-26 15:41:00,SES_c4374123cb,USR_87994,tablet,Variant_B_AI_Semantic,vanilla flavored coffee,13,False,179.0,,,
EVT_05ce9d37,search_result_clicked,2026-07-26 15:41:11,SES_c4374123cb,USR_87994,tablet,Variant_B_AI_Semantic,vanilla flavored coffee,13,False,,KDP_SKU_1005,2.0,
EVT_d9faa3d8,search_query_submitted,2026-07-26 18:12:00,SES_2491b09185,USR_31368,desktop,Variant_B_AI_Semantic,kcup pods discount,22,False,128.0,,,
EVT_a59bf4d7,search_query_submitted,2026-07-26 18:42:00,SES_c7a9aaba93,USR_18993,tablet,Control_Keyword,dr pepper zero sugar 12oz,25,False,604.0,,,
EVT_1b6c4029,search_result_clicked,2026-07-26 18:42:06,SES_c7a9aaba93,USR_18993,tablet,Control_Keyword,dr pepper zero sugar 12oz,25,False,,KDP_SKU_1035,5.0,
EVT_89221f88,search_query_submitted,2026-07-26 19:32:00,SES_3fe983e127,USR_37535,tablet,Control_Keyword,vanilla flavored coffee,13,False,579.0,,,
EVT_ec2765aa,search_result_clicked,2026-07-26 19:32:14,SES_3fe983e127,USR_37535,tablet,Control_Keyword,vanilla flavored coffee,13,False,,KDP_SKU_1042,10.0,
EVT_79df0010,search_to_cart_added,2026-07-26 19:32:34,SES_3fe983e127,USR_37535,tablet,Control_Keyword,vanilla flavored coffee,13,False,,KDP_SKU_1042,10.0,8.01
EVT_940118d4,search_query_submitted,2026-07-26 20:39:00,SES_e40d6362e7,USR_67250,tablet,Variant_B_AI_Semantic,drpepr zero,32,False,82.0,,,
EVT_fefcd6ed,search_result_clicked,2026-07-26 20:39:14,SES_e40d6362e7,USR_67250,tablet,Variant_B_AI_Semantic,drpepr zero,32,False,,KDP_SKU_1068,1.0,
EVT_7cb04729,search_query_submitted,2026-07-26 21:50:00,SES_cc472225b5,USR_18344,desktop,Variant_B_AI_Semantic,drpepr zero,22,False,110.0,,,
EVT_3cbc4a80,search_result_clicked,2026-07-26 21:50:15,SES_cc472225b5,USR_18344,desktop,Variant_B_AI_Semantic,drpepr zero,22,False,,KDP_SKU_1066,2.0,
EVT_add19baa,search_to_cart_added,2026-07-26 21:50:22,SES_cc472225b5,USR_18344,desktop,Variant_B_AI_Semantic,drpepr zero,22,False,,KDP_SKU_1066,2.0,40.13
EVT_a7e62365,search_query_submitted,2026-07-26 23:06:00,SES_1747e5c059,USR_61199,desktop,Control_Keyword,keurig single serve machine,13,False,515.0,,,
EVT_2eba1d43,search_query_submitted,2026-07-26 23:15:00,SES_cfd397f1ce,USR_27451,tablet,Control_Keyword,keurig single serve machine,4,False,451.0,,,
EVT_c360f088,search_result_clicked,2026-07-26 23:15:14,SES_cfd397f1ce,USR_27451,tablet,Control_Keyword,keurig single serve machine,4,False,,KDP_SKU_1066,6.0,
EVT_4872ab8a,search_to_cart_added,2026-07-26 23:15:28,SES_cfd397f1ce,USR_27451,tablet,Control_Keyword,keurig single serve machine,4,False,,KDP_SKU_1066,6.0,40.13
EVT_782d0a03,search_query_submitted,2026-07-27 01:08:00,SES_7f074ab433,USR_11620,tablet,Control_Keyword,kcup pods discount,25,False,475.0,,,
EVT_01f0d00d,search_query_submitted,2026-07-27 02:08:00,SES_66e8b63705,USR_12875,tablet,Control_Keyword,cherry vanilla soda,10,False,184.0,,,
EVT_dea8ff68,search_query_submitted,2026-07-27 02:24:00,SES_6000d28110,USR_12867,mobile,Variant_B_AI_Semantic,keurig single serve machine,26,False,91.0,,,
EVT_a503eb81,search_query_submitted,2026-07-27 04:10:00,SES_0049a5d4bc,USR_94972,desktop,Variant_B_AI_Semantic,dark roast k-cup,29,False,155.0,,,
EVT_fc4797fc,search_result_clicked,2026-07-27 04:10:13,SES_0049a5d4bc,USR_94972,desktop,Variant_B_AI_Semantic,dark roast k-cup,29,False,,KDP_SKU_1084,3.0,
EVT_32322c21,search_query_submitted,2026-07-27 04:12:00,SES_4c87c4c0e6,USR_22527,tablet,Control_Keyword,cherry vanilla soda,4,False,483.0,,,
EVT_c727a7c1,search_query_submitted,2026-07-27 04:55:00,SES_d2c13c5ce5,USR_77294,mobile,Variant_B_AI_Semantic,cherry vanilla soda,14,False,198.0,,,
EVT_e47fd171,search_result_clicked,2026-07-27 04:55:04,SES_d2c13c5ce5,USR_77294,mobile,Variant_B_AI_Semantic,cherry vanilla soda,14,False,,KDP_SKU_1002,3.0,
EVT_c03c168b,search_query_submitted,2026-07-27 04:59:00,SES_ba88ce30ed,USR_26749,mobile,Control_Keyword,espresso pods hazelnut,0,True,331.0,,,
EVT_4a312db8,search_query_submitted,2026-07-27 07:55:00,SES_2ca3d1d6d1,USR_40886,desktop,Variant_B_AI_Semantic,cherry vanilla soda,10,False,208.0,,,
EVT_46089e2e,search_query_submitted,2026-07-27 08:31:00,SES_b9334ddd26,USR_25566,mobile,Control_Keyword,vanilla flavored coffee,5,False,369.0,,,
EVT_5a52768e,search_query_submitted,2026-07-27 08:42:00,SES_a5b9fa55be,USR_15482,mobile,Control_Keyword,snapple peach tea diet,14,False,493.0,,,
EVT_9d7a8157,search_query_submitted,2026-07-27 09:26:00,SES_6bd9ac5911,USR_63950,tablet,Control_Keyword,vanilla flavored coffee,5,False,505.0,,,
EVT_0a253597,search_result_clicked,2026-07-27 09:26:07,SES_6bd9ac5911,USR_63950,tablet,Control_Keyword,vanilla flavored coffee,5,False,,KDP_SKU_1078,3.0,
EVT_5c9ab048,search_query_submitted,2026-07-27 09:30:00,SES_5c225bc0f7,USR_91968,tablet,Control_Keyword,dr pepper zero sugar 12oz,17,False,584.0,,,
EVT_b9337bb3,search_result_clicked,2026-07-27 09:30:11,SES_5c225bc0f7,USR_91968,tablet,Control_Keyword,dr pepper zero sugar 12oz,17,False,,KDP_SKU_1005,6.0,
EVT_953b5fa3,search_to_cart_added,2026-07-27 09:30:27,SES_5c225bc0f7,USR_91968,tablet,Control_Keyword,dr pepper zero sugar 12oz,17,False,,KDP_SKU_1005,6.0,38.39
EVT_0aa2b646,search_query_submitted,2026-07-27 09:36:00,SES_ff50716522,USR_79899,desktop,Control_Keyword,snapple peach tea diet,11,False,325.0,,,
EVT_d892ea75,search_query_submitted,2026-07-27 10:55:00,SES_c2ecf9b2e3,USR_50487,tablet,Control_Keyword,vanilla flavored coffee,10,False,614.0,,,
EVT_103cdc8a,search_query_submitted,2026-07-27 11:03:00,SES_329ca519fa,USR_81110,mobile,Variant_B_AI_Semantic,dr pepper zero sugar 12oz,17,False,152.0,,,
EVT_b9d4b9d1,search_result_clicked,2026-07-27 11:03:08,SES_329ca519fa,USR_81110,mobile,Variant_B_AI_Semantic,dr pepper zero sugar 12oz,17,False,,KDP_SKU_1041,3.0,
EVT_47f30e8b,search_query_submitted,2026-07-27 11:07:00,SES_465c9e1175,USR_73001,desktop,Variant_B_AI_Semantic,dark roast k-cup,13,False,108.0,,,
EVT_90d1b04b,search_result_clicked,2026-07-27 11:07:15,SES_465c9e1175,USR_73001,desktop,Variant_B_AI_Semantic,dark roast k-cup,13,False,,KDP_SKU_1083,1.0,
EVT_d7612979,search_query_submitted,2026-07-27 12:06:00,SES_c224bb9d5f,USR_91633,desktop,Variant_B_AI_Semantic,caffeine free organic energy drink,9,False,211.0,,,
EVT_b838020b,search_result_clicked,2026-07-27 12:06:03,SES_c224bb9d5f,USR_91633,desktop,Variant_B_AI_Semantic,caffeine free organic energy drink,9,False,,KDP_SKU_1012,2.0,
EVT_642bf2eb,search_query_submitted,2026-07-27 12:47:00,SES_ebde7aa926,USR_35644,desktop,Control_Keyword,snapple peach tea diet,25,False,618.0,,,
EVT_faee31d4,search_query_submitted,2026-07-27 13:06:00,SES_b949a24fb7,USR_36560,tablet,Variant_B_AI_Semantic,cherry vanilla soda,28,False,110.0,,,
EVT_5ec04789,search_result_clicked,2026-07-27 13:06:15,SES_b949a24fb7,USR_36560,tablet,Variant_B_AI_Semantic,cherry vanilla soda,28,False,,KDP_SKU_1040,1.0,
EVT_edb83924,search_to_cart_added,2026-07-27 13:06:31,SES_b949a24fb7,USR_36560,tablet,Variant_B_AI_Semantic,cherry vanilla soda,28,False,,KDP_SKU_1040,1.0,31.39
EVT_afdb8182,search_query_submitted,2026-07-27 13:15:00,SES_a305e45bc9,ANONYMOUS_GUEST,mobile,Control_Keyword,espresso pods hazelnut,0,True,554.0,,,
EVT_9aa010ab,search_query_submitted,2026-07-27 13:16:00,SES_fa08c02b2e,USR_73192,mobile,Control_Keyword,snapple peach tea diet,20,False,591.0,,,
EVT_bcdb4226,search_result_clicked,2026-07-27 13:16:04,SES_fa08c02b2e,USR_73192,mobile,Control_Keyword,snapple peach tea diet,20,False,,KDP_SKU_1029,4.0,
EVT_c184368d,search_query_submitted,2026-07-27 14:47:00,SES_f3445271da,USR_37470,tablet,Variant_B_AI_Semantic,dark roast k-cup,31,False,115.0,,,
EVT_08574f90,search_result_clicked,2026-07-27 14:47:03,SES_f3445271da,USR_37470,tablet,Variant_B_AI_Semantic,dark roast k-cup,31,False,,KDP_SKU_1052,3.0,
EVT_c0d791e5,search_query_submitted,2026-07-27 16:03:00,SES_f18cb38e2f,USR_16674,desktop,Variant_B_AI_Semantic,cherry vanilla soda,34,False,206.0,,,
EVT_1386d460,search_result_clicked,2026-07-27 16:03:03,SES_f18cb38e2f,USR_16674,desktop,Variant_B_AI_Semantic,cherry vanilla soda,34,False,,KDP_SKU_1028,2.0,
EVT_7d585d39,search_query_submitted,2026-07-27 16:20:00,SES_bbb3e86314,ANONYMOUS_GUEST,desktop,Variant_B_AI_Semantic,cherry vanilla soda,15,False,143.0,,,
EVT_c3ea82b5,search_result_clicked,2026-07-27 16:20:13,SES_bbb3e86314,ANONYMOUS_GUEST,desktop,Variant_B_AI_Semantic,cherry vanilla soda,15,False,,KDP_SKU_1028,2.0,
EVT_7231641e,search_query_submitted,2026-07-27 16:56:00,SES_39c9a9d70c,ANONYMOUS_GUEST,tablet,Control_Keyword,caffeine free organic energy drink,0,True,468.0,,,
EVT_6e27bb0b,search_query_submitted,2026-07-27 17:15:00,SES_076aec73f8,USR_73577,desktop,Control_Keyword,espresso pods hazelnut,0,True,483.0,,,
EVT_d86ffab0,search_query_submitted,2026-07-27 17:33:00,SES_c2672ddc7f,USR_49462,tablet,Variant_B_AI_Semantic,snapple peach tea diet,14,False,216.0,,,
EVT_f610ee47,search_result_clicked,2026-07-27 17:33:11,SES_c2672ddc7f,USR_49462,tablet,Variant_B_AI_Semantic,snapple peach tea diet,14,False,,KDP_SKU_1001,1.0,
EVT_ce5cb511,search_to_cart_added,2026-07-27 17:33:47,SES_c2672ddc7f,USR_49462,tablet,Variant_B_AI_Semantic,snapple peach tea diet,14,False,,KDP_SKU_1001,1.0,34.12
EVT_3160c92d,search_query_submitted,2026-07-27 17:58:00,SES_44d65676f7,USR_24671,tablet,Control_Keyword,vanilla flavored coffee,18,False,520.0,,,
EVT_ac8a32bb,search_query_submitted,2026-07-27 19:15:00,SES_23ddbde1a8,USR_85030,mobile,Control_Keyword,snapple peach tea diet,9,False,592.0,,,
EVT_7d6fb174,search_query_submitted,2026-07-27 20:49:00,SES_39229ac797,USR_48745,mobile,Variant_B_AI_Semantic,cherry vanilla soda,32,False,89.0,,,
EVT_8735cbfe,search_result_clicked,2026-07-27 20:49:08,SES_39229ac797,USR_48745,mobile,Variant_B_AI_Semantic,cherry vanilla soda,32,False,,KDP_SKU_1011,1.0,
EVT_6b6116bb,search_query_submitted,2026-07-27 21:31:00,SES_0dfc30b187,ANONYMOUS_GUEST,mobile,Variant_B_AI_Semantic,kcup pods discount,30,False,159.0,,,
EVT_278563f0,search_query_submitted,2026-07-27 21:50:00,SES_935337129a,USR_13689,desktop,Control_Keyword,snapple peach tea diet,13,False,594.0,,,
EVT_171496f0,search_result_clicked,2026-07-27 21:50:09,SES_935337129a,USR_13689,desktop,Control_Keyword,snapple peach tea diet,13,False,,KDP_SKU_1063,2.0,
EVT_1baa0026,search_query_submitted,2026-07-27 21:52:00,SES_dcf261e7c2,USR_17679,mobile,Control_Keyword,kcup pods discount,13,False,572.0,,,
EVT_0828bf55,search_query_submitted,2026-07-27 22:33:00,SES_5eb01c5350,USR_48086,tablet,Control_Keyword,snapple peach tea diet,3,False,242.0,,,
EVT_29c23a13,search_query_submitted,2026-07-28 00:32:00,SES_d837281792,USR_50458,mobile,Control_Keyword,snapple peach tea diet,2,False,445.0,,,
EVT_bb581b4d,search_result_clicked,2026-07-28 00:32:11,SES_d837281792,USR_50458,mobile,Control_Keyword,snapple peach tea diet,2,False,,KDP_SKU_1061,4.0,
EVT_89ee254e,search_query_submitted,2026-07-28 01:01:00,SES_272e9f99a0,USR_99282,mobile,Variant_B_AI_Semantic,caffeine free organic energy drink,19,False,201.0,,,
EVT_435fe61b,search_result_clicked,2026-07-28 01:01:14,SES_272e9f99a0,USR_99282,mobile,Variant_B_AI_Semantic,caffeine free organic energy drink,19,False,,KDP_SKU_1055,2.0,
EVT_1e45957f,search_query_submitted,2026-07-28 03:13:00,SES_e37a71c189,USR_85963,tablet,Variant_B_AI_Semantic,drpepr zero,28,False,182.0,,,
EVT_10cd6150,search_result_clicked,2026-07-28 03:13:09,SES_e37a71c189,USR_85963,tablet,Variant_B_AI_Semantic,drpepr zero,28,False,,KDP_SKU_1046,1.0,
EVT_2c5cb5ff,search_to_cart_added,2026-07-28 03:13:47,SES_e37a71c189,USR_85963,tablet,Variant_B_AI_Semantic,drpepr zero,28,False,,KDP_SKU_1046,1.0,16.23
EVT_a330d5b3,search_query_submitted,2026-07-28 03:30:00,SES_e609cdc30b,USR_79062,tablet,Variant_B_AI_Semantic,snapple peach tea diet,29,False,180.0,,,
EVT_2097839d,search_query_submitted,2026-07-28 04:06:00,SES_7fc6412804,USR_12506,tablet,Variant_B_AI_Semantic,keurig single serve machine,21,False,85.0,,,
EVT_3bf1f69c,search_result_clicked,2026-07-28 04:06:13,SES_7fc6412804,USR_12506,tablet,Variant_B_AI_Semantic,keurig single serve machine,21,False,,KDP_SKU_1037,3.0,
EVT_d8dee97d,search_query_submitted,2026-07-28 04:36:00,SES_73827f876b,USR_57086,mobile,Variant_B_AI_Semantic,dark roast k-cup,23,False,190.0,,,
EVT_be1676f9,search_result_clicked,2026-07-28 04:36:09,SES_73827f876b,USR_57086,mobile,Variant_B_AI_Semantic,dark roast k-cup,23,False,,KDP_SKU_1005,2.0,
EVT_cc9a56d7,search_to_cart_added,2026-07-28 04:36:48,SES_73827f876b,USR_57086,mobile,Variant_B_AI_Semantic,dark roast k-cup,23,False,,KDP_SKU_1005,2.0,38.39
EVT_3b370e14,search_query_submitted,2026-07-28 04:48:00,SES_50463c30ac,ANONYMOUS_GUEST,tablet,Control_Keyword,vanilla flavored coffee,14,False,371.0,,,
EVT_e62eee25,search_result_clicked,2026-07-28 04:48:05,SES_50463c30ac,ANONYMOUS_GUEST,tablet,Control_Keyword,vanilla flavored coffee,14,False,,KDP_SKU_1043,6.0,
EVT_6978e3ac,search_to_cart_added,2026-07-28 04:48:39,SES_50463c30ac,ANONYMOUS_GUEST,tablet,Control_Keyword,vanilla flavored coffee,14,False,,KDP_SKU_1043,6.0,16.02
EVT_83b2cc1c,search_query_submitted,2026-07-28 05:00:00,SES_5c6cbe0d84,USR_71361,desktop,Control_Keyword,caffeine free organic energy drink,0,True,286.0,,,
EVT_427ccf5e,search_query_submitted,2026-07-28 05:15:00,SES_77c13ec416,ANONYMOUS_GUEST,desktop,Control_Keyword,vanilla flavored coffee,15,False,646.0,,,
EVT_d07887da,search_query_submitted,2026-07-28 05:42:00,SES_3c4eddb7b8,USR_45968,desktop,Variant_B_AI_Semantic,caffeine free organic energy drink,0,True,163.0,,,
EVT_f46159ea,search_query_submitted,2026-07-28 06:44:00,SES_486554ff6a,USR_45585,desktop,Variant_B_AI_Semantic,keurig single serve machine,44,False,135.0,,,
EVT_4605b313,search_query_submitted,2026-07-28 08:36:00,SES_cdc919be13,USR_32782,desktop,Control_Keyword,dark roast k-cup,15,False,410.0,,,
EVT_6f6feaeb,search_result_clicked,2026-07-28 08:36:14,SES_cdc919be13,USR_32782,desktop,Control_Keyword,dark roast k-cup,15,False,,KDP_SKU_1041,5.0,
EVT_28dfe4e6,search_query_submitted,2026-07-28 10:29:00,SES_7f69beeda2,USR_33699,desktop,Control_Keyword,snapple peach tea diet,4,False,254.0,,,
EVT_a86716f8,search_result_clicked,2026-07-28 10:29:15,SES_7f69beeda2,USR_33699,desktop,Control_Keyword,snapple peach tea diet,4,False,,KDP_SKU_1042,8.0,
EVT_e143ff75,search_query_submitted,2026-07-28 11:09:00,SES_8ff431c37d,USR_33834,mobile,Variant_B_AI_Semantic,dr pepper zero sugar 12oz,29,False,151.0,,,
EVT_0287bfe2,search_result_clicked,2026-07-28 11:09:11,SES_8ff431c37d,USR_33834,mobile,Variant_B_AI_Semantic,dr pepper zero sugar 12oz,29,False,,KDP_SKU_1028,1.0,
EVT_eafa3828,search_query_submitted,2026-07-28 11:23:00,SES_0487c81f91,USR_34632,desktop,Variant_B_AI_Semantic,dark roast k-cup,25,False,139.0,,,
EVT_08ce0759,search_query_submitted,2026-07-28 11:51:00,SES_e1dda31af9,USR_34267,tablet,Variant_B_AI_Semantic,caffeine free organic energy drink,45,False,214.0,,,
EVT_c89a4672,search_result_clicked,2026-07-28 11:51:07,SES_e1dda31af9,USR_34267,tablet,Variant_B_AI_Semantic,caffeine free organic energy drink,45,False,,KDP_SKU_1031,1.0,
EVT_08a3c8a4,search_to_cart_added,2026-07-28 11:51:23,SES_e1dda31af9,USR_34267,tablet,Variant_B_AI_Semantic,caffeine free organic energy drink,45,False,,KDP_SKU_1031,1.0,41.5
EVT_55e26b2b,search_query_submitted,2026-07-28 12:12:00,SES_0d4d2616f1,USR_41395,tablet,Variant_B_AI_Semantic,vanilla flavored coffee,12,False,134.0,,,
EVT_7650ed60,search_query_submitted,2026-07-28 12:12:00,SES_5ed7546bf3,USR_75849,mobile,Variant_B_AI_Semantic,keurig single serve machine,9,False,161.0,,,
EVT_48b4edcc,search_result_clicked,2026-07-28 12:12:13,SES_0d4d2616f1,USR_41395,tablet,Variant_B_AI_Semantic,vanilla flavored coffee,12,False,,KDP_SKU_1047,1.0,
EVT_c974f3b3,search_query_submitted,2026-07-28 12:17:00,SES_0fa72d8e8b,USR_62108,tablet,Control_Keyword,cherry vanilla soda,24,False,396.0,,,
EVT_4a79bb89,search_result_clicked,2026-07-28 12:17:03,SES_0fa72d8e8b,USR_62108,tablet,Control_Keyword,cherry vanilla soda,24,False,,KDP_SKU_1069,1.0,
EVT_39feed73,search_query_submitted,2026-07-28 12:43:00,SES_9df8f6498a,USR_27709,tablet,Control_Keyword,kcup pods discount,7,False,482.0,,,
EVT_976a7257,search_query_submitted,2026-07-28 13:01:00,SES_d64f967a1c,USR_95597,desktop,Control_Keyword,dark roast k-cup,17,False,319.0,,,
EVT_a8c26d1d,search_query_submitted,2026-07-28 14:22:00,SES_e7e7d1efeb,USR_26264,desktop,Control_Keyword,vanilla flavored coffee,7,False,621.0,,,
EVT_188b395a,search_result_clicked,2026-07-28 14:22:15,SES_e7e7d1efeb,USR_26264,desktop,Control_Keyword,vanilla flavored coffee,7,False,,KDP_SKU_1028,8.0,
EVT_afe2d591,search_query_submitted,2026-07-28 15:12:00,SES_714167fa94,USR_80278,tablet,Control_Keyword,keurig single serve machine,10,False,228.0,,,
EVT_d1ae729d,search_query_submitted,2026-07-28 15:57:00,SES_9282e4c868,USR_32760,desktop,Control_Keyword,vanilla flavored coffee,14,False,516.0,,,
EVT_cf944208,search_result_clicked,2026-07-28 15:57:09,SES_9282e4c868,USR_32760,desktop,Control_Keyword,vanilla flavored coffee,14,False,,KDP_SKU_1061,7.0,
EVT_4274f5a5,search_query_submitted,2026-07-28 16:41:00,SES_4785ee1e84,USR_87183,mobile,Control_Keyword,cherry vanilla soda,16,False,220.0,,,
EVT_107975c1,search_result_clicked,2026-07-28 16:41:07,SES_4785ee1e84,USR_87183,mobile,Control_Keyword,cherry vanilla soda,16,False,,KDP_SKU_1005,9.0,
EVT_c7264cd9,search_query_submitted,2026-07-28 17:19:00,SES_515ea4f28a,USR_43162,mobile,Variant_B_AI_Semantic,dark roast k-cup,14,False,111.0,,,
EVT_023a683d,search_query_submitted,2026-07-28 17:39:00,SES_80e4b37317,USR_35192,mobile,Variant_B_AI_Semantic,espresso pods hazelnut,45,False,166.0,,,
EVT_e7a65c37,search_query_submitted,2026-07-28 18:49:00,SES_4d37c38b32,USR_87810,tablet,Variant_B_AI_Semantic,cherry vanilla soda,30,False,201.0,,,
EVT_e27222ad,search_query_submitted,2026-07-28 19:02:00,SES_91295ff46f,USR_49930,desktop,Variant_B_AI_Semantic,kcup pods discount,19,False,88.0,,,
EVT_9ce8bb1e,search_result_clicked,2026-07-28 19:02:09,SES_91295ff46f,USR_49930,desktop,Variant_B_AI_Semantic,kcup pods discount,19,False,,KDP_SKU_1044,1.0,
EVT_f4a9a6db,search_to_cart_added,2026-07-28 19:02:28,SES_91295ff46f,USR_49930,desktop,Variant_B_AI_Semantic,kcup pods discount,19,False,,KDP_SKU_1044,1.0,18.72
EVT_9eb9f9e1,search_query_submitted,2026-07-28 20:30:00,SES_b5c6d30247,USR_27079,tablet,Variant_B_AI_Semantic,snapple peach tea diet,45,False,215.0,,,
EVT_5ecc0985,search_result_clicked,2026-07-28 20:30:12,SES_b5c6d30247,USR_27079,tablet,Variant_B_AI_Semantic,snapple peach tea diet,45,False,,KDP_SKU_1016,1.0,
EVT_5867fd35,search_to_cart_added,2026-07-28 20:30:23,SES_b5c6d30247,USR_27079,tablet,Variant_B_AI_Semantic,snapple peach tea diet,45,False,,KDP_SKU_1016,1.0,29.97
EVT_1955feef,search_query_submitted,2026-07-28 20:47:00,SES_59d3b40d7f,USR_58637,tablet,Variant_B_AI_Semantic,espresso pods hazelnut,0,True,176.0,,,
EVT_a4862f05,search_query_submitted,2026-07-28 22:15:00,SES_fe0c01996e,USR_49824,desktop,Variant_B_AI_Semantic,vanilla flavored coffee,43,False,186.0,,,
EVT_6369055c,search_result_clicked,2026-07-28 22:15:09,SES_fe0c01996e,USR_49824,desktop,Variant_B_AI_Semantic,vanilla flavored coffee,43,False,,KDP_SKU_1060,3.0,
EVT_428e2ed6,search_query_submitted,2026-07-28 22:59:00,SES_de7f50244e,USR_28383,mobile,Variant_B_AI_Semantic,keurig single serve machine,18,False,84.0,,,
EVT_aaf885bf,search_result_clicked,2026-07-28 22:59:14,SES_de7f50244e,USR_28383,mobile,Variant_B_AI_Semantic,keurig single serve machine,18,False,,KDP_SKU_1057,3.0,
EVT_790b2792,search_to_cart_added,2026-07-28 22:59:23,SES_de7f50244e,USR_28383,mobile,Variant_B_AI_Semantic,keurig single serve machine,18,False,,KDP_SKU_1057,3.0,13.52
EVT_ae3d7f47,search_query_submitted,2026-07-28 23:19:00,SES_c2c1c99f16,USR_68478,tablet,Variant_B_AI_Semantic,dr pepper zero sugar 12oz,28,False,107.0,,,
EVT_64bc9228,search_result_clicked,2026-07-28 23:19:08,SES_c2c1c99f16,USR_68478,tablet,Variant_B_AI_Semantic,dr pepper zero sugar 12oz,28,False,,KDP_SKU_1077,2.0,
EVT_ab892287,search_query_submitted,2026-07-28 23:30:00,SES_a7610cf86e,USR_74175,mobile,Variant_B_AI_Semantic,drpepr zero,26,False,149.0,,,
EVT_8e0b4c22,search_result_clicked,2026-07-28 23:30:05,SES_a7610cf86e,USR_74175,mobile,Variant_B_AI_Semantic,drpepr zero,26,False,,KDP_SKU_1040,2.0,
EVT_31f48756,search_to_cart_added,2026-07-28 23:30:44,SES_a7610cf86e,USR_74175,mobile,Variant_B_AI_Semantic,drpepr zero,26,False,,KDP_SKU_1040,2.0,31.39
EVT_18999541,search_query_submitted,2026-07-29 01:14:00,SES_c3a17c63d9,ANONYMOUS_GUEST,mobile,Control_Keyword,kcup pods discount,22,False,484.0,,,
EVT_495ae1f9,search_query_submitted,2026-07-29 01:39:00,SES_fca1f2f05b,ANONYMOUS_GUEST,desktop,Control_Keyword,cherry vanilla soda,6,False,290.0,,,
EVT_a7a1e9b4,search_result_clicked,2026-07-29 01:39:10,SES_fca1f2f05b,ANONYMOUS_GUEST,desktop,Control_Keyword,cherry vanilla soda,6,False,,KDP_SKU_1010,3.0,
EVT_42ccb837,search_query_submitted,2026-07-29 01:52:00,SES_885721e425,USR_87139,mobile,Control_Keyword,drpepr zero,21,False,210.0,,,
EVT_854cc190,search_result_clicked,2026-07-29 01:52:13,SES_885721e425,USR_87139,mobile,Control_Keyword,drpepr zero,21,False,,KDP_SKU_1055,4.0,
EVT_47351aa0,search_to_cart_added,2026-07-29 01:52:23,SES_885721e425,USR_87139,mobile,Control_Keyword,drpepr zero,21,False,,KDP_SKU_1055,4.0,34.5
EVT_4801ea77,search_query_submitted,2026-07-29 04:21:00,SES_d0c3e577f3,USR_32806,mobile,Control_Keyword,cherry vanilla soda,4,False,211.0,,,
EVT_780f4f8f,search_result_clicked,2026-07-29 04:21:10,SES_d0c3e577f3,USR_32806,mobile,Control_Keyword,cherry vanilla soda,4,False,,KDP_SKU_1074,2.0,
EVT_81ab50dd,search_query_submitted,2026-07-29 05:17:00,SES_69ed0d8de5,USR_49311,desktop,Variant_B_AI_Semantic,espresso pods hazelnut,42,False,146.0,,,
EVT_b5bf3f85,search_query_submitted,2026-07-29 05:36:00,SES_37e71d8d85,USR_97650,tablet,Variant_B_AI_Semantic,kcup pods discount,45,False,159.0,,,
EVT_c4ae6d51,search_result_clicked,2026-07-29 05:36:10,SES_37e71d8d85,USR_97650,tablet,Variant_B_AI_Semantic,kcup pods discount,45,False,,KDP_SKU_1023,1.0,
EVT_785e0c94,search_query_submitted,2026-07-29 08:19:00,SES_a72606cce4,USR_70693,mobile,Control_Keyword,dark roast k-cup,13,False,183.0,,,
EVT_49755217,search_result_clicked,2026-07-29 08:19:03,SES_a72606cce4,USR_70693,mobile,Control_Keyword,dark roast k-cup,13,False,,KDP_SKU_1072,2.0,
EVT_6692b0cd,search_query_submitted,2026-07-29 09:24:00,SES_d364132526,ANONYMOUS_GUEST,mobile,Control_Keyword,dark roast k-cup,21,False,506.0,,,
EVT_d079a7c2,search_query_submitted,2026-07-29 09:51:00,SES_edff87cc7b,USR_71377,mobile,Variant_B_AI_Semantic,caffeine free organic energy drink,22,False,116.0,,,
EVT_5e23f944,search_result_clicked,2026-07-29 09:51:14,SES_edff87cc7b,USR_71377,mobile,Variant_B_AI_Semantic,caffeine free organic energy drink,22,False,,KDP_SKU_1019,1.0,
EVT_136a4fc8,search_query_submitted,2026-07-29 11:03:00,SES_d411fecb1e,USR_80748,tablet,Control_Keyword,dark roast k-cup,23,False,352.0,,,
EVT_2b6d0bb6,search_result_clicked,2026-07-29 11:03:05,SES_d411fecb1e,USR_80748,tablet,Control_Keyword,dark roast k-cup,23,False,,KDP_SKU_1031,3.0,
EVT_426c631c,search_query_submitted,2026-07-29 11:13:00,SES_c754f280e8,USR_29249,mobile,Control_Keyword,espresso pods hazelnut,21,False,583.0,,,
EVT_d0ed562d,search_query_submitted,2026-07-29 11:25:00,SES_522e9e7512,USR_14833,mobile,Control_Keyword,dark roast k-cup,17,False,644.0,,,
EVT_750241d1,search_result_clicked,2026-07-29 11:25:13,SES_522e9e7512,USR_14833,mobile,Control_Keyword,dark roast k-cup,17,False,,KDP_SKU_1070,3.0,
EVT_bde8887d,search_to_cart_added,2026-07-29 11:25:37,SES_522e9e7512,USR_14833,mobile,Control_Keyword,dark roast k-cup,17,False,,KDP_SKU_1070,3.0,17.77
EVT_ee428855,search_query_submitted,2026-07-29 11:47:00,SES_8a44e40343,USR_50481,desktop,Control_Keyword,kcup pods discount,4,False,278.0,,,
EVT_93c851e0,search_query_submitted,2026-07-29 14:10:00,SES_cca5df1b04,USR_49634,tablet,Control_Keyword,kcup pods discount,13,False,245.0,,,
EVT_2b1bc54e,search_query_submitted,2026-07-29 16:59:00,SES_5c4f51976c,USR_54749,desktop,Variant_B_AI_Semantic,snapple peach tea diet,26,False,172.0,,,
EVT_c4b14fd3,search_result_clicked,2026-07-29 16:59:15,SES_5c4f51976c,USR_54749,desktop,Variant_B_AI_Semantic,snapple peach tea diet,26,False,,KDP_SKU_1028,3.0,
EVT_37133917,search_query_submitted,2026-07-29 18:42:00,SES_7cea82fe85,USR_65194,desktop,Variant_B_AI_Semantic,snapple peach tea diet,24,False,143.0,,,
EVT_7b2a8ddc,search_result_clicked,2026-07-29 18:42:04,SES_7cea82fe85,USR_65194,desktop,Variant_B_AI_Semantic,snapple peach tea diet,24,False,,KDP_SKU_1079,2.0,
EVT_0fe6e0eb,search_to_cart_added,2026-07-29 18:42:09,SES_7cea82fe85,USR_65194,desktop,Variant_B_AI_Semantic,snapple peach tea diet,24,False,,KDP_SKU_1079,2.0,17.64
EVT_3a11956f,search_query_submitted,2026-07-29 18:45:00,SES_7e0a96cd5c,USR_30131,desktop,Variant_B_AI_Semantic,cherry vanilla soda,13,False,155.0,,,
EVT_fbc3375d,search_result_clicked,2026-07-29 18:45:06,SES_7e0a96cd5c,USR_30131,desktop,Variant_B_AI_Semantic,cherry vanilla soda,13,False,,KDP_SKU_1046,1.0,
EVT_c67d5853,search_to_cart_added,2026-07-29 18:45:29,SES_7e0a96cd5c,USR_30131,desktop,Variant_B_AI_Semantic,cherry vanilla soda,13,False,,KDP_SKU_1046,1.0,16.23
EVT_f6f57129,search_query_submitted,2026-07-29 19:19:00,SES_6a05c118ac,USR_57242,mobile,Variant_B_AI_Semantic,keurig single serve machine,11,False,181.0,,,
EVT_cbaee573,search_query_submitted,2026-07-29 19:24:00,SES_1685cae0fc,USR_23195,desktop,Variant_B_AI_Semantic,cherry vanilla soda,12,False,204.0,,,
EVT_8e45bfd7,search_result_clicked,2026-07-29 19:24:13,SES_1685cae0fc,USR_23195,desktop,Variant_B_AI_Semantic,cherry vanilla soda,12,False,,KDP_SKU_1075,2.0,
EVT_6a9be26c,search_query_submitted,2026-07-29 19:57:00,SES_0c08fe2a34,USR_73614,tablet,Control_Keyword,dark roast k-cup,3,False,230.0,,,
EVT_5d1ffb99,search_result_clicked,2026-07-29 19:57:05,SES_0c08fe2a34,USR_73614,tablet,Control_Keyword,dark roast k-cup,3,False,,KDP_SKU_1045,2.0,
EVT_35f016df,search_query_submitted,2026-07-29 20:26:00,SES_e848bf6b78,USR_46780,desktop,Control_Keyword,kcup pods discount,8,False,314.0,,,
EVT_d7b9a767,search_query_submitted,2026-07-29 21:21:00,SES_f22e02e593,USR_98835,tablet,Control_Keyword,keurig single serve machine,22,False,229.0,,,
EVT_a5b7993d,search_result_clicked,2026-07-29 21:21:03,SES_f22e02e593,USR_98835,tablet,Control_Keyword,keurig single serve machine,22,False,,KDP_SKU_1070,8.0,
EVT_18bcd39d,search_query_submitted,2026-07-29 23:35:00,SES_5b933ad7b8,USR_80513,tablet,Control_Keyword,vanilla flavored coffee,8,False,523.0,,,
EVT_8016b4b3,search_query_submitted,2026-07-29 23:38:00,SES_0d27af8daa,USR_39390,tablet,Control_Keyword,keurig single serve machine,17,False,449.0,,,
EVT_6648f184,search_result_clicked,2026-07-29 23:38:09,SES_0d27af8daa,USR_39390,tablet,Control_Keyword,keurig single serve machine,17,False,,KDP_SKU_1008,8.0,
EVT_e5f8c48d,search_to_cart_added,2026-07-29 23:38:44,SES_0d27af8daa,USR_39390,tablet,Control_Keyword,keurig single serve machine,17,False,,KDP_SKU_1008,8.0,9.82
EVT_f9cf128c,search_query_submitted,2026-07-30 00:21:00,SES_7a97b5e2ab,USR_85361,mobile,Control_Keyword,cherry vanilla soda,14,False,410.0,,,
EVT_c436f08f,search_result_clicked,2026-07-30 00:21:13,SES_7a97b5e2ab,USR_85361,mobile,Control_Keyword,cherry vanilla soda,14,False,,KDP_SKU_1018,7.0,
EVT_e3ff0ac3,search_to_cart_added,2026-07-30 00:21:18,SES_7a97b5e2ab,USR_85361,mobile,Control_Keyword,cherry vanilla soda,14,False,,KDP_SKU_1018,7.0,31.92
EVT_14b9df1d,search_query_submitted,2026-07-30 01:24:00,SES_ba7d72885a,USR_48019,mobile,Variant_B_AI_Semantic,dr pepper zero sugar 12oz,21,False,80.0,,,
EVT_6cf412aa,search_result_clicked,2026-07-30 01:24:13,SES_ba7d72885a,USR_48019,mobile,Variant_B_AI_Semantic,dr pepper zero sugar 12oz,21,False,,KDP_SKU_1040,2.0,
EVT_b4066340,search_query_submitted,2026-07-30 01:53:00,SES_b28ede6f6b,USR_31538,mobile,Variant_B_AI_Semantic,dark roast k-cup,17,False,94.0,,,
EVT_2c4c526b,search_query_submitted,2026-07-30 03:40:00,SES_d81ffc8562,USR_82100,mobile,Control_Keyword,snapple peach tea diet,15,False,571.0,,,
EVT_8b6fbd8d,search_query_submitted,2026-07-30 04:53:00,SES_4717d14227,USR_10792,mobile,Variant_B_AI_Semantic,vanilla flavored coffee,20,False,93.0,,,
EVT_c7bf0e84,search_query_submitted,2026-07-30 05:21:00,SES_96cbc6504e,USR_78021,mobile,Control_Keyword,keurig single serve machine,20,False,403.0,,,
EVT_25662162,search_query_submitted,2026-07-30 06:14:00,SES_904f249b57,USR_42102,tablet,Variant_B_AI_Semantic,espresso pods hazelnut,44,False,194.0,,,
EVT_2ad4dc4c,search_query_submitted,2026-07-30 06:32:00,SES_d53500d7e2,USR_90481,tablet,Control_Keyword,dark roast k-cup,7,False,379.0,,,
EVT_cef373fc,search_query_submitted,2026-07-30 07:36:00,SES_d15ce2e4c5,USR_64269,mobile,Control_Keyword,caffeine free organic energy drink,0,True,600.0,,,
EVT_a37801a7,search_query_submitted,2026-07-30 07:38:00,SES_954ed1e155,USR_98129,tablet,Variant_B_AI_Semantic,keurig single serve machine,40,False,218.0,,,
EVT_bf274f3e,search_result_clicked,2026-07-30 07:38:11,SES_954ed1e155,USR_98129,tablet,Variant_B_AI_Semantic,keurig single serve machine,40,False,,KDP_SKU_1005,2.0,
EVT_255ecf3b,search_query_submitted,2026-07-30 08:51:00,SES_c5c1a020f9,USR_32439,desktop,Control_Keyword,dr pepper zero sugar 12oz,21,False,260.0,,,
EVT_f4ab2a18,search_query_submitted,2026-07-30 09:38:00,SES_0170406dba,USR_75866,tablet,Control_Keyword,dr pepper zero sugar 12oz,24,False,240.0,,,
EVT_e5f26042,search_result_clicked,2026-07-30 09:38:06,SES_0170406dba,USR_75866,tablet,Control_Keyword,dr pepper zero sugar 12oz,24,False,,KDP_SKU_1059,10.0,
EVT_48a3aa2a,search_to_cart_added,2026-07-30 09:38:19,SES_0170406dba,USR_75866,tablet,Control_Keyword,dr pepper zero sugar 12oz,24,False,,KDP_SKU_1059,10.0,13.18
EVT_1ec3d4e4,search_query_submitted,2026-07-30 09:40:00,SES_b7726969c1,USR_66455,tablet,Variant_B_AI_Semantic,vanilla flavored coffee,20,False,176.0,,,
EVT_211df6c6,search_result_clicked,2026-07-30 09:40:13,SES_b7726969c1,USR_66455,tablet,Variant_B_AI_Semantic,vanilla flavored coffee,20,False,,KDP_SKU_1017,3.0,
EVT_b3a0a093,search_query_submitted,2026-07-30 09:52:00,SES_f20b087c49,ANONYMOUS_GUEST,tablet,Control_Keyword,caffeine free organic energy drink,4,False,419.0,,,
EVT_4a79c1fa,search_query_submitted,2026-07-30 11:39:00,SES_44b274de8c,USR_39428,desktop,Variant_B_AI_Semantic,keurig single serve machine,24,False,156.0,,,
EVT_b08fc281,search_result_clicked,2026-07-30 11:39:13,SES_44b274de8c,USR_39428,desktop,Variant_B_AI_Semantic,keurig single serve machine,24,False,,KDP_SKU_1006,3.0,
EVT_49bda3a3,search_query_submitted,2026-07-30 12:15:00,SES_3498726382,USR_52830,desktop,Variant_B_AI_Semantic,dark roast k-cup,19,False,193.0,,,
EVT_ac7ac64b,search_result_clicked,2026-07-30 12:15:07,SES_3498726382,USR_52830,desktop,Variant_B_AI_Semantic,dark roast k-cup,19,False,,KDP_SKU_1017,3.0,
EVT_0677d669,search_to_cart_added,2026-07-30 12:15:17,SES_3498726382,USR_52830,desktop,Variant_B_AI_Semantic,dark roast k-cup,19,False,,KDP_SKU_1017,3.0,15.69
EVT_4123fa73,search_query_submitted,2026-07-30 12:54:00,SES_9d1a12acac,USR_26011,mobile,Control_Keyword,vanilla flavored coffee,23,False,288.0,,,
EVT_9e33a032,search_query_submitted,2026-07-30 13:59:00,SES_88e594e86d,USR_46512,mobile,Control_Keyword,kcup pods discount,21,False,494.0,,,
EVT_eeffdb02,search_query_submitted,2026-07-30 14:39:00,SES_e2612b7796,USR_70249,mobile,Control_Keyword,kcup pods discount,13,False,526.0,,,
EVT_8ae9bec1,search_result_clicked,2026-07-30 14:39:06,SES_e2612b7796,USR_70249,mobile,Control_Keyword,kcup pods discount,13,False,,KDP_SKU_1038,8.0,
EVT_6cec82d9,search_query_submitted,2026-07-30 14:45:00,SES_954f65fbc5,USR_29484,tablet,Control_Keyword,drpepr zero,3,False,185.0,,,
EVT_9c9dba55,search_result_clicked,2026-07-30 14:45:10,SES_954f65fbc5,USR_29484,tablet,Control_Keyword,drpepr zero,3,False,,KDP_SKU_1038,8.0,
EVT_e4cf1f4d,search_query_submitted,2026-07-30 15:16:00,SES_cc683fcfde,USR_39068,mobile,Variant_B_AI_Semantic,dark roast k-cup,40,False,189.0,,,
EVT_8c3e8d80,search_result_clicked,2026-07-30 15:16:08,SES_cc683fcfde,USR_39068,mobile,Variant_B_AI_Semantic,dark roast k-cup,40,False,,KDP_SKU_1049,2.0,
EVT_772baf5e,search_query_submitted,2026-07-30 15:56:00,SES_fa3a7b1eb5,ANONYMOUS_GUEST,mobile,Variant_B_AI_Semantic,dark roast k-cup,15,False,83.0,,,
EVT_16253dbb,search_result_clicked,2026-07-30 15:56:07,SES_fa3a7b1eb5,ANONYMOUS_GUEST,mobile,Variant_B_AI_Semantic,dark roast k-cup,15,False,,KDP_SKU_1077,1.0,
EVT_811e03ac,search_to_cart_added,2026-07-30 15:56:52,SES_fa3a7b1eb5,ANONYMOUS_GUEST,mobile,Variant_B_AI_Semantic,dark roast k-cup,15,False,,KDP_SKU_1077,1.0,46.23
EVT_54ee197e,search_query_submitted,2026-07-30 16:39:00,SES_2f13049480,USR_46482,tablet,Control_Keyword,dr pepper zero sugar 12oz,14,False,214.0,,,
EVT_fbfb6050,search_query_submitted,2026-07-30 16:52:00,SES_6e2e9976ab,USR_57371,tablet,Control_Keyword,dark roast k-cup,24,False,520.0,,,
EVT_bbb7e816,search_query_submitted,2026-07-30 18:57:00,SES_2c4714d8fc,USR_30454,tablet,Variant_B_AI_Semantic,kcup pods discount,40,False,164.0,,,
EVT_f41803b3,search_result_clicked,2026-07-30 18:57:15,SES_2c4714d8fc,USR_30454,tablet,Variant_B_AI_Semantic,kcup pods discount,40,False,,KDP_SKU_1043,2.0,
EVT_efdcefb4,search_query_submitted,2026-07-30 19:06:00,SES_cd2d5f5e87,USR_13597,desktop,Variant_B_AI_Semantic,drpepr zero,21,False,136.0,,,
EVT_7736b81f,search_result_clicked,2026-07-30 19:06:09,SES_cd2d5f5e87,USR_13597,desktop,Variant_B_AI_Semantic,drpepr zero,21,False,,KDP_SKU_1060,3.0,
EVT_2aa000ce,search_query_submitted,2026-07-30 21:01:00,SES_d9a7ada1b7,USR_56018,tablet,Control_Keyword,espresso pods hazelnut,0,True,512.0,,,
EVT_b3bb229e,search_query_submitted,2026-07-30 21:08:00,SES_668c914892,USR_25403,tablet,Variant_B_AI_Semantic,keurig single serve machine,42,False,80.0,,,
EVT_56173bf1,search_result_clicked,2026-07-30 21:08:14,SES_668c914892,USR_25403,tablet,Variant_B_AI_Semantic,keurig single serve machine,42,False,,KDP_SKU_1020,1.0,
EVT_f28ac180,search_query_submitted,2026-07-30 21:47:00,SES_f378e9f1fe,USR_30365,mobile,Control_Keyword,drpepr zero,22,False,570.0,,,
EVT_a493a143,search_result_clicked,2026-07-30 21:47:14,SES_f378e9f1fe,USR_30365,mobile,Control_Keyword,drpepr zero,22,False,,KDP_SKU_1021,7.0,
EVT_8a292c9c,search_query_submitted,2026-07-30 22:18:00,SES_bea22333a3,USR_59200,tablet,Control_Keyword,vanilla flavored coffee,16,False,622.0,,,
EVT_4a6130b2,search_query_submitted,2026-07-30 22:57:00,SES_89f2b2ca97,USR_55688,mobile,Control_Keyword,snapple peach tea diet,24,False,209.0,,,
EVT_bf1558de,search_result_clicked,2026-07-30 22:57:06,SES_89f2b2ca97,USR_55688,mobile,Control_Keyword,snapple peach tea diet,24,False,,KDP_SKU_1041,4.0,
EVT_eed7a85d,search_query_submitted,2026-07-30 23:12:00,SES_98db0c9ad7,USR_83874,desktop,Variant_B_AI_Semantic,vanilla flavored coffee,10,False,147.0,,,
EVT_cb32e1f6,search_result_clicked,2026-07-30 23:12:13,SES_98db0c9ad7,USR_83874,desktop,Variant_B_AI_Semantic,vanilla flavored coffee,10,False,,KDP_SKU_1078,3.0,
EVT_8722a243,search_to_cart_added,2026-07-30 23:12:58,SES_98db0c9ad7,USR_83874,desktop,Variant_B_AI_Semantic,vanilla flavored coffee,10,False,,KDP_SKU_1078,3.0,26.18
EVT_27a33676,search_query_submitted,2026-07-31 00:40:00,SES_ec3289ec46,USR_50944,mobile,Control_Keyword,caffeine free organic energy drink,0,True,285.0,,,
EVT_a46ef2f5,search_query_submitted,2026-07-31 01:19:00,SES_3a0ce53a6e,USR_11256,desktop,Variant_B_AI_Semantic,cherry vanilla soda,43,False,209.0,,,
EVT_19d0bae5,search_query_submitted,2026-07-31 01:56:00,SES_8104f93e8e,USR_54295,tablet,Control_Keyword,caffeine free organic energy drink,0,True,400.0,,,
EVT_f22324a5,search_query_submitted,2026-07-31 02:17:00,SES_f7f145ec96,USR_64256,tablet,Control_Keyword,snapple peach tea diet,6,False,590.0,,,
EVT_d962b6cc,search_result_clicked,2026-07-31 02:17:10,SES_f7f145ec96,USR_64256,tablet,Control_Keyword,snapple peach tea diet,6,False,,KDP_SKU_1052,9.0,
EVT_2fa56256,search_query_submitted,2026-07-31 04:39:00,SES_85e6ca1d47,USR_54077,tablet,Control_Keyword,snapple peach tea diet,10,False,313.0,,,
EVT_9c2360d7,search_query_submitted,2026-07-31 04:52:00,SES_b3dbc836db,USR_83886,tablet,Variant_B_AI_Semantic,caffeine free organic energy drink,44,False,93.0,,,
EVT_d714dd08,search_query_submitted,2026-07-31 05:38:00,SES_4f476aacf6,USR_97856,mobile,Control_Keyword,caffeine free organic energy drink,0,True,460.0,,,
EVT_943f0ffd,search_query_submitted,2026-07-31 05:57:00,SES_f969c96f24,ANONYMOUS_GUEST,tablet,Control_Keyword,espresso pods hazelnut,0,True,468.0,,,
EVT_1439c1a9,search_query_submitted,2026-07-31 06:20:00,SES_4f5603af06,USR_51224,desktop,Variant_B_AI_Semantic,cherry vanilla soda,40,False,80.0,,,
EVT_52e48ce9,search_result_clicked,2026-07-31 06:20:06,SES_4f5603af06,USR_51224,desktop,Variant_B_AI_Semantic,cherry vanilla soda,40,False,,KDP_SKU_1013,1.0,
EVT_e32d5cde,search_query_submitted,2026-07-31 06:37:00,SES_b6bc09aee0,USR_27600,tablet,Variant_B_AI_Semantic,dark roast k-cup,17,False,204.0,,,
EVT_7ca7fe67,search_query_submitted,2026-07-31 06:59:00,SES_f3a7f76375,USR_78387,mobile,Variant_B_AI_Semantic,kcup pods discount,9,False,110.0,,,
EVT_7a11418b,search_result_clicked,2026-07-31 06:59:07,SES_f3a7f76375,USR_78387,mobile,Variant_B_AI_Semantic,kcup pods discount,9,False,,KDP_SKU_1025,1.0,
EVT_12ed6fa8,search_query_submitted,2026-07-31 07:01:00,SES_39924b4367,USR_91229,tablet,Control_Keyword,espresso pods hazelnut,0,True,212.0,,,
EVT_df946d19,search_query_submitted,2026-07-31 07:09:00,SES_20ff61e11c,USR_94491,tablet,Variant_B_AI_Semantic,drpepr zero,26,False,86.0,,,
EVT_cf616cd6,search_result_clicked,2026-07-31 07:09:11,SES_20ff61e11c,USR_94491,tablet,Variant_B_AI_Semantic,drpepr zero,26,False,,KDP_SKU_1052,3.0,
EVT_a033a79b,search_to_cart_added,2026-07-31 07:09:41,SES_20ff61e11c,USR_94491,tablet,Variant_B_AI_Semantic,drpepr zero,26,False,,KDP_SKU_1052,3.0,15.21
EVT_f5c1326f,search_query_submitted,2026-07-31 07:40:00,SES_c017bda993,USR_46630,desktop,Control_Keyword,snapple peach tea diet,16,False,496.0,,,
EVT_8fa41e3d,search_result_clicked,2026-07-31 07:40:03,SES_c017bda993,USR_46630,desktop,Control_Keyword,snapple peach tea diet,16,False,,KDP_SKU_1031,4.0,
EVT_7f6b9540,search_query_submitted,2026-07-31 07:47:00,SES_ff56f3bd9c,USR_87894,mobile,Control_Keyword,caffeine free organic energy drink,5,False,446.0,,,
EVT_2247c8c3,search_result_clicked,2026-07-31 07:47:13,SES_ff56f3bd9c,USR_87894,mobile,Control_Keyword,caffeine free organic energy drink,5,False,,KDP_SKU_1053,5.0,
EVT_a3f885d4,search_query_submitted,2026-07-31 07:53:00,SES_942810e622,USR_64401,tablet,Variant_B_AI_Semantic,cherry vanilla soda,37,False,178.0,,,
EVT_93da2562,search_result_clicked,2026-07-31 07:53:14,SES_942810e622,USR_64401,tablet,Variant_B_AI_Semantic,cherry vanilla soda,37,False,,KDP_SKU_1065,2.0,
